"range","area","pt","yr","occ","elev","burn","graze","hillshade","medwtpcp","medsppcp","medpropwtr","range_id","area_id","point_id"
"Monitor","Allison","AL14","2015",0,-0.174978436362677,0,1,0.849369056144471,-0.941211002947918,-0.767632835699004,0.704977173042132,1,1,1
"Monitor","Allison","AL15","2006",1,0.0202143942172519,0,1,1.07176444507593,-0.541261456368668,-0.542627850286952,0.720789389725553,1,1,2
"Monitor","Allison","AL16","2015",0,0.35692202696763,0,1,0.760410900571886,-0.541261456368668,-0.542627850286952,0.720789389725553,1,1,3
"Monitor","Allison","AL17","2015",0,0.810745358065965,0,1,0.360099200495257,-0.541261456368668,-0.542627850286952,0.720789389725553,1,1,4
"Monitor","Allison","AL18","2015",0,0.371561489261124,0,1,-1.19666852202497,-0.541261456368668,-0.542627850286952,0.720789389725553,1,1,5
"Monitor","Allison","AL19","2015",0,-0.199377540185168,0,1,0.226661967136381,-1.06619523625393,-0.902635826946235,0.787265239455908,1,1,6
"Monitor","Allison","AL20","2006",1,-0.458008040703575,0,1,0.00426657820491977,-1.06619523625393,-0.902635826946235,0.787265239455908,1,1,7
"Monitor","Allison","AL21","2015",0,-0.545844814464543,0,1,-0.218128810726541,-1.06619523625393,-0.902635826946235,0.787265239455908,1,1,8
"Monitor","Allison","AL22","2015",0,-0.69223943739949,0,1,-0.129170655153957,-1.06619523625393,-0.902635826946235,0.787265239455908,1,1,9
"Toquima","Antone","AN01.1","2013",1,0.400840413848114,0,1,0.449057356067841,0.546101373393669,0.919904554891384,-0.0389934597571689,4,2,10
"Toquima","Antone","AN01.2","2006",1,0.508196470667075,0,1,-0.0846915773676645,0.546101373393669,0.919904554891384,-0.0389934597571689,4,2,11
"Toquima","Antone","AN01.3","2015",0,0.630191989779531,0,1,-0.0846915773676645,0.546101373393669,0.919904554891384,-0.0389934597571689,4,2,12
"Toquima","Antone","AN02.1","2006",1,0.805865537301467,0,1,-0.173649732940249,0.546101373393669,0.919904554891384,-0.0389934597571689,4,2,13
"Toquima","Antone","AN02.2","2006",1,0.96201980176541,0,1,0.0932247337775041,0.546101373393669,0.919904554891384,-0.0389934597571689,4,2,14
"Toquima","Antone","AN03.1","2006",1,1.38168438751226,0,1,-0.573961433016878,0.546101373393669,0.919904554891384,-0.0389934597571689,4,2,15
"Toquima","Antone","AN03.2","2015",0,1.64519470879516,0,1,-0.796356821948339,1.73345158980082,2.24743396882249,-0.380753171253317,4,2,16
"Toquima","Antone","AN04.1","2013",1,2.02094090766153,0,1,-2.1307291555371,1.73345158980082,2.24743396882249,-0.380753171253317,4,2,17
"Shoshone","Barrett","BA01.1","2006",1,-0.804475314982949,0,1,0.182182889350088,-1.06619523625393,-0.542627850286952,0.302418445551039,2,4,18
"Shoshone","Barrett","BA01.2","2006",1,-0.687359616634991,0,1,0.582494589426718,-1.06619523625393,-0.542627850286952,0.302418445551039,2,4,19
"Shoshone","Barrett","BA02.1","2012",1,-0.282334493181638,0,1,0.582494589426718,-1.06619523625393,-0.542627850286952,0.302418445551039,2,4,20
"Shoshone","Barrett","BA02.2","2006",1,-0.189617898656172,0,1,-0.307086966299125,-1.06619523625393,-0.542627850286952,0.302418445551039,2,4,21
"Shoshone","Barrett","BA03.1","2006",1,0.210527404032683,0,1,0.137703811563796,0.0586628635002076,0.357392091361254,0.569286290340115,2,4,22
"Shoshone","Barrett","BA03.2","2006",1,0.361801847732128,0,1,-0.0402124995813724,0.0586628635002076,0.357392091361254,0.569286290340115,2,4,23
"Shoshone","Barrett","BA04.1","2006",1,0.654591093602022,0,1,1.20520167843481,0.0586628635002076,0.357392091361254,0.569286290340115,2,4,24
"Shoshone","Barrett","BA04.2","2012",1,0.718028763540499,0,1,-1.19666852202497,0.0586628635002076,0.357392091361254,0.569286290340115,2,4,25
"Shoshone","Barrett","BA05.1","2006",1,0.96201980176541,0,1,-0.440524199658002,0.0586628635002076,0.357392091361254,0.569286290340115,2,4,26
"Shoshone","Barrett","BA05.2","2006",1,1.13769334928735,0,1,-0.440524199658002,0.0586628635002076,0.357392091361254,0.569286290340115,2,4,27
"Shoshone","Barrett","BA06.1","2006",1,1.55735793503419,0,1,-2.26416638889598,-0.31628983641784,0.0423851117843822,0.391397819713334,2,4,28
"Shoshone","Barrett","BA06.2","2006",1,1.74767094484963,0,1,-2.35312454446856,-0.31628983641784,0.0423851117843822,0.391397819713334,2,4,29
"Shoshone","Becker","BE01.1","2006",1,-0.755677107337967,0,1,-1.90833376660564,-1.96608171605725,-1.98265975692408,-1.12030262237172,2,5,30
"Shoshone","Becker","BE01.2","2006",1,-0.648321050519006,0,1,-0.39604512187171,-1.96608171605725,-1.98265975692408,-1.12030262237172,2,5,31
"Shoshone","Becker","BE02.1","2006",1,-0.389690550000599,0,1,-0.840835899734631,-0.216302449773027,-0.767632835699004,0.959545582997944,2,5,32
"Shoshone","Becker","BE02.2","2006",1,-0.355531804649112,0,1,0.982806289503347,-0.216302449773027,-0.767632835699004,0.959545582997944,2,5,33
"Shoshone","Becker","BE03.1","2013",0,0.186128300210192,0,1,-0.662919588589463,-0.216302449773027,-0.767632835699004,0.959545582997944,2,5,34
"Shoshone","Becker","BE03.2","2013",0,0.254445790913167,0,1,-2.30864546668227,-0.216302449773027,-0.767632835699004,0.959545582997944,2,5,35
"Toiyabe","Birch","BI01.1","2006",1,-1.73164126023761,0,1,-0.39604512187171,-1.24117316288236,-0.542627850286952,0.0980670915162179,3,6,36
"Toiyabe","Birch","BI01.2","2006",1,-1.60964574112516,0,1,1.02728536728964,-1.24117316288236,-0.542627850286952,0.0980670915162179,3,6,37
"Toiyabe","Birch","BI02.1","2006",1,-1.28269774990378,0,1,0.449057356067841,2.03341374973526,1.25741203300946,0.370001444225377,3,6,38
"Toiyabe","Birch","BI02.2","2006",1,-1.05334617397236,0,1,-4.22124581149283,2.03341374973526,1.25741203300946,0.370001444225377,3,6,39
"Toiyabe","Birch","BI03.1","2006",1,-0.970389220975889,0,1,2.05030415637436,2.03341374973526,1.25741203300946,0.370001444225377,3,6,40
"Toiyabe","Birch","BI03.2","2006",1,-0.819114777276444,0,1,0.938327211717055,1.48348312318879,1.25741203300946,0.454885990804141,3,6,41
"Toiyabe","Birch","BI03.3","2006",1,-0.794715673453952,0,1,0.671452744999302,1.19601938658495,1.09990854322102,0.550397269152361,3,6,42
"Toiyabe","Birch","BI04.1","2006",1,-0.536085172935546,0,1,1.2496807562211,1.48348312318879,1.25741203300946,0.454885990804141,3,6,43
"Toiyabe","Birch","BI04.2","2006",1,-0.438488757645582,0,1,1.47207614515256,1.48348312318879,1.25741203300946,0.454885990804141,3,6,44
"Toiyabe","Birch","BI04.3","2006",1,0.0153345734527536,0,1,0.0932247337775041,1.48348312318879,1.25741203300946,0.454885990804141,3,6,45
"Toiyabe","Birch","BI05.1","2006",1,0.269085253206662,0,1,1.64999245629773,1.19601938658495,1.09990854322102,0.550397269152361,3,6,46
"Toiyabe","Birch","BI05.2","2006",1,0.434999159199601,0,1,-0.662919588589463,1.19601938658495,1.09990854322102,0.550397269152361,3,6,47
"Toiyabe","Birch","BI06.1","2006",1,0.79610589577247,0,1,-0.39604512187171,1.19601938658495,1.09990854322102,0.550397269152361,3,6,48
"Toiyabe","Birch","BI06.2","2012",1,0.991298726352399,0,1,0.360099200495257,1.19601938658495,1.09990854322102,0.550397269152361,3,6,49
"Toiyabe","Birch","BI07.1","2012",1,1.14257317005184,0,1,1.38311798957998,0.571098220054872,0.672399070938127,0.549264868092225,3,6,50
"Toiyabe","Birch","BI07.2","2012",1,1.29384761375129,0,1,-0.929794055307215,0.571098220054872,0.672399070938127,0.549264868092225,3,6,51
"Toiyabe","Birch","BI0B1","2008",1,-2.0537094306945,1,1,0.00426657820491977,-0.566258303029871,-0.542627850286952,0.0980670915162179,3,6,52
"Toiyabe","Birch","BI0B2","2008",1,-1.95611301540453,1,1,-0.0402124995813724,-0.566258303029871,-0.542627850286952,0.0980670915162179,3,6,53
"Toiyabe","Birch","BI0B3","2008",1,-1.91219462852405,1,1,0.0932247337775041,-0.566258303029871,-0.542627850286952,0.0980670915162179,3,6,54
"Toiyabe","Birch","BI0B4","2008",1,-1.7609201848246,1,1,0.938327211717055,-0.566258303029871,-0.542627850286952,0.0980670915162179,3,6,55
"Toiyabe","Birch","BISG01","2011",1,-1.94147355311104,1,1,0.62697366721301,0.23364079012863,-0.542627850286952,0.0980670915162179,3,6,56
"Toiyabe","Birch","BISG02","2011",1,-1.96099283616903,1,1,1.2496807562211,0.23364079012863,-0.542627850286952,0.0980670915162179,3,6,57
"Toiyabe","Birch","BISG03","2011",1,-2.029310326872,1,1,-0.0402124995813724,0.23364079012863,-0.542627850286952,0.0980670915162179,3,6,58
"Toiyabe","Birch","BISG04","2011",1,-2.0341901476365,1,1,-0.796356821948339,0.23364079012863,-0.542627850286952,0.0980670915162179,3,6,59
"Toiyabe","Birch","BISG05","2011",1,-2.06346907222349,1,1,0.404578278281549,0.23364079012863,-0.542627850286952,0.0980670915162179,3,6,60
"Toiyabe","Birch","BISG06","2011",1,-2.08298835528148,1,1,0.00426657820491977,0.23364079012863,-0.542627850286952,0.0980670915162179,3,6,61
"Toiyabe","Birch","BISG07","2011",1,-2.08298835528148,1,1,-0.0846915773676645,0.23364079012863,-0.542627850286952,0.0980670915162179,3,6,62
"Toiyabe","Birch","BISG08","2011",1,-2.12202692139747,1,1,0.00426657820491977,0.23364079012863,-0.542627850286952,0.0980670915162179,3,6,63
"Monitor","Barley","BL01","2013",1,-0.350651983884614,0,1,0.360099200495257,-1.11618892957634,-1.6226517802648,0.816592820219329,1,3,64
"Monitor","Barley","BL02","2015",0,-0.394570370765098,0,1,1.8279087674429,-1.11618892957634,-1.6226517802648,0.816592820219329,1,3,65
"Monitor","Barley","BL03","2013",1,-0.467767682232571,0,1,0.182182889350088,-1.11618892957634,-1.6226517802648,0.816592820219329,1,3,66
"Monitor","Barley","BL04","2013",1,-0.389690550000599,0,1,0.360099200495257,0.258637636789833,-0.767632835699004,1.2510502375747,1,3,67
"Monitor","Barley","BL05","2013",1,-0.370171266942606,0,1,0.538015511640426,0.258637636789833,-0.767632835699004,1.2510502375747,1,3,68
"Monitor","Barley","BL06","2015",0,-0.316493238533126,0,1,0.404578278281549,0.258637636789833,-0.767632835699004,1.2510502375747,1,3,69
"Monitor","Barley","BL07","2015",0,-0.306733597004129,0,1,0.493536433854133,0.258637636789833,-0.767632835699004,1.2510502375747,1,3,70
"Monitor","Barley","BL08","2012",1,-0.22377664400766,0,1,0.671452744999302,0.258637636789833,-0.767632835699004,1.2510502375747,1,3,71
"Monitor","Barley","BL09","2008",1,-0.184738077891674,0,1,0.62697366721301,0.258637636789833,-0.767632835699004,1.2510502375747,1,3,72
"Monitor","Barley","BL10","2015",0,-0.0578627380147198,0,1,0.137703811563796,0.258637636789833,-0.767632835699004,1.2510502375747,1,3,73
"Monitor","Barley","BL11","2013",1,-0.0139443511342357,0,1,-0.0402124995813724,0.258637636789833,-0.767632835699004,1.2510502375747,1,3,74
"Monitor","Barley","BL12","2008",1,0.117810809507216,0,1,1.02728536728964,1.53347681651119,-0.137618876545259,1.83725480940185,1,3,75
"Monitor","Barley","BL13","2012",1,0.186128300210192,0,1,-1.24114759981126,1.53347681651119,-0.137618876545259,1.83725480940185,1,3,76
"Monitor","Barley","BL14","2013",1,0.269085253206662,0,1,0.715931822785594,1.53347681651119,-0.137618876545259,1.83725480940185,1,3,77
"Monitor","Barley","BL15","2013",1,0.332522923145139,0,1,1.78342968965661,1.53347681651119,-0.137618876545259,1.83725480940185,1,3,78
"Monitor","Barley","BL16","2015",0,0.376441310025623,0,1,-0.707398666375755,1.50847996984999,-0.340123363416106,2.83556270644186,1,3,79
"Monitor","Charnoc North","CBN01","2015",0,0.49355700837358,0,1,0.271141044922673,-0.678744113005285,-0.992637821111055,1.2033548173978,1,7,80
"Monitor","Charnoc North","CBN02","2013",1,0.664350735131018,0,1,1.73895061187031,-0.678744113005285,-0.992637821111055,1.2033548173978,1,7,81
"Monitor","Charnoc North","CBN04","2015",0,0.508196470667075,0,1,0.893848133930763,-0.678744113005285,-0.992637821111055,1.2033548173978,1,7,82
"Monitor","Charnoc North","CBN05","2015",0,0.449638621493096,0,1,1.11624352286222,-0.678744113005285,-0.992637821111055,1.2033548173978,1,7,83
"Monitor","Charnoc North","CBNSG01","2014",0,0.610672706721538,0,1,0.849369056144471,0.258637636789833,-0.542627850286952,0.720789389725553,1,7,84
"Monitor","Charnoc North","CBNSG02","2014",0,0.610672706721538,0,1,0.271141044922673,0.258637636789833,-0.542627850286952,0.720789389725553,1,7,85
"Monitor","Charnoc North","CBNSG03","2014",0,0.610672706721538,0,1,0.62697366721301,0.258637636789833,-0.542627850286952,0.720789389725553,1,7,86
"Monitor","Charnoc North","CBNSG04","2014",0,0.610672706721538,0,1,0.271141044922673,0.258637636789833,-0.542627850286952,0.720789389725553,1,7,87
"Monitor","Charnoc North","CBNSG05","2014",0,0.610672706721538,0,1,0.226661967136381,0.258637636789833,-0.542627850286952,0.720789389725553,1,7,88
"Monitor","Charnoc North","CBNSG06","2014",0,0.610672706721538,0,1,0.137703811563796,0.258637636789833,-0.542627850286952,0.720789389725553,1,7,89
"Monitor","Charnoc North","CBNSG07","2014",0,0.605792885957039,0,1,0.137703811563796,0.258637636789833,-0.542627850286952,0.720789389725553,1,7,90
"Monitor","Charnoc North","CBNSG08","2014",0,0.610672706721538,0,1,-0.39604512187171,0.258637636789833,-0.542627850286952,0.720789389725553,1,7,91
"Monitor","Charnoc North","CBNSG09","2014",0,0.610672706721538,0,1,0.893848133930763,0.258637636789833,-0.542627850286952,0.720789389725553,1,7,92
"Monitor","Charnoc North","CBNSG10","2014",0,0.610672706721538,0,1,1.07176444507593,0.258637636789833,-0.542627850286952,0.720789389725553,1,7,93
"Monitor","Charnoc North","CBNSG11","2014",0,0.605792885957039,0,1,0.760410900571886,0.258637636789833,-0.542627850286952,0.720789389725553,1,7,94
"Monitor","Charnoc North","CBNSG12","2014",0,0.605792885957039,0,1,0.582494589426718,0.258637636789833,-0.542627850286952,0.720789389725553,1,7,95
"Monitor","Charnoc North","CBNSG13","2014",0,0.610672706721538,0,1,1.11624352286222,0.258637636789833,-0.542627850286952,0.720789389725553,1,7,96
"Monitor","Charnoc North","CBNSG14","2014",0,0.610672706721538,0,1,1.29415983400739,0.258637636789833,-0.542627850286952,0.720789389725553,1,7,97
"Monitor","Charnoc North","CBNSG15","2014",0,0.610672706721538,0,1,1.11624352286222,0.258637636789833,-0.542627850286952,0.720789389725553,1,7,98
"Monitor","Charnoc North","CBNSG16","2014",0,0.615552527486036,0,1,1.20520167843481,0.258637636789833,-0.542627850286952,0.720789389725553,1,7,99
"Monitor","Charnoc South","CBS01","2015",0,0.0982915264492235,0,1,-0.173649732940249,-0.753734652988895,-1.03763881819347,1.19789420497414,1,8,100
"Monitor","Charnoc South","CBS02","2015",0,0.0885318849202271,0,1,-0.218128810726541,-0.753734652988895,-1.03763881819347,1.19789420497414,1,8,101
"Monitor","Charnoc South","CBS03","2015",0,0.0348538565107466,0,1,0.0932247337775041,-0.753734652988895,-1.03763881819347,1.19789420497414,1,8,102
"Monitor","Charnoc South","CBS04","2015",0,0.044613498039743,0,1,0.226661967136381,-0.753734652988895,-1.03763881819347,1.19789420497414,1,8,103
"Monitor","Charnoc South","CBS05","2015",0,0.0738924226267324,0,1,-0.707398666375755,-0.753734652988895,-1.03763881819347,1.19789420497414,1,8,104
"Monitor","Charnoc South","CBSSG01","2014",0,0.454518442257594,0,1,-0.173649732940249,0.183647096806223,-0.587628847369362,0.706050400418849,1,8,105
"Monitor","Charnoc South","CBSSG02","2014",0,0.454518442257594,0,1,-0.662919588589463,0.183647096806223,-0.587628847369362,0.706050400418849,1,8,106
"Monitor","Charnoc South","CBSSG03","2014",0,0.454518442257594,0,1,-0.529482355230586,0.183647096806223,-0.587628847369362,0.706050400418849,1,8,107
"Monitor","Charnoc South","CBSSG04","2014",0,0.454518442257594,0,1,-0.573961433016878,0.183647096806223,-0.587628847369362,0.706050400418849,1,8,108
"Monitor","Charnoc South","CBSSG05","2014",0,0.317883460851644,0,1,-0.39604512187171,0.183647096806223,-0.587628847369362,0.706050400418849,1,8,109
"Monitor","Charnoc South","CBSSG06","2014",0,0.32764310238064,0,1,-0.662919588589463,0.183647096806223,-0.587628847369362,0.706050400418849,1,8,110
"Monitor","Charnoc South","CBSSG07","2014",0,0.342282564674135,0,1,-0.39604512187171,0.183647096806223,-0.587628847369362,0.706050400418849,1,8,111
"Monitor","Charnoc South","CBSSG08","2014",0,0.347162385438633,0,1,-0.573961433016878,0.183647096806223,-0.587628847369362,0.706050400418849,1,8,112
"Monitor","Charnoc South","CBSSG09","2014",0,0.352042206203131,0,1,-0.218128810726541,0.183647096806223,-0.587628847369362,0.706050400418849,1,8,113
"Monitor","Charnoc South","CBSSG10","2014",0,0.352042206203131,0,1,0.493536433854133,0.183647096806223,-0.587628847369362,0.706050400418849,1,8,114
"Monitor","Charnoc South","CBSSG11","2014",0,0.35692202696763,0,1,-0.440524199658002,0.183647096806223,-0.587628847369362,0.706050400418849,1,8,115
"Monitor","Charnoc South","CBSSG12","2014",0,0.361801847732128,0,1,0.404578278281549,0.183647096806223,-0.587628847369362,0.706050400418849,1,8,116
"Monitor","Charnoc South","CBSSG13","2014",0,0.366681668496626,0,1,0.226661967136381,0.183647096806223,-0.587628847369362,0.706050400418849,1,8,117
"Monitor","Charnoc South","CBSSG14","2014",0,0.366681668496626,0,1,-0.0402124995813724,0.183647096806223,-0.587628847369362,0.706050400418849,1,8,118
"Monitor","Charnoc South","CBSSG15","2014",0,0.371561489261124,0,1,0.0932247337775041,0.183647096806223,-0.587628847369362,0.706050400418849,1,8,119
"Monitor","Charnoc South","CBSSG16","2014",0,0.371561489261124,0,1,-0.0402124995813724,0.183647096806223,-0.587628847369362,0.706050400418849,1,8,120
"Monitor","Dobbin East","DE05.1","2015",0,1.55735793503419,0,1,1.38311798957998,1.38349573654397,0.739900566561742,-0.197033107429407,1,9,121
"Monitor","Dobbin East","DE05.2","2015",0,1.43048259515724,0,1,0.62697366721301,0.521104526732466,0.267390097196434,-0.700943455198935,1,9,122
"Monitor","Dobbin East","DE05.3","2013",1,1.09865478317136,0,0,1.42759706736627,0.521104526732466,0.267390097196434,-0.700943455198935,1,9,123
"Monitor","Dobbin East","DE06.1","2007",1,0.805865537301467,0,0,1.20520167843481,0.521104526732466,0.267390097196434,-0.700943455198935,1,9,124
"Monitor","Dobbin East","DE06.2","2015",0,0.566754319841054,0,1,-0.885314977520923,0.521104526732466,0.267390097196434,-0.700943455198935,1,9,125
"Monitor","Dobbin East","DE06.3","2015",0,0.264205432442163,0,1,1.38311798957998,0.521104526732466,0.267390097196434,-0.700943455198935,1,9,126
"Monitor","Dobbin East","DE07.1","2015",0,0.0641327810977359,0,1,-0.529482355230586,0.521104526732466,0.267390097196434,-0.700943455198935,1,9,127
"Monitor","Dobbin East","DE07.2","2015",0,-0.204257360949667,0,1,0.671452744999302,0.521104526732466,0.267390097196434,-0.700943455198935,1,9,128
"Monitor","Dobbin East","DE07.3","2015",0,-0.184738077891674,0,1,0.449057356067841,0.521104526732466,0.267390097196434,-0.700943455198935,1,9,129
"Monitor","Dobbin West","DW01.1","2015",0,-0.306733597004129,0,1,0.449057356067841,-1.51613847615559,-0.992637821111055,-1.6989315404594,1,10,130
"Monitor","Dobbin West","DW01.2","2007",1,-0.0481030964857233,0,0,-0.307086966299125,-0.31628983641784,-0.160119375086464,-1.19708358969236,1,10,131
"Monitor","Dobbin West","DW02.1","2015",0,0.171488837916697,0,1,0.449057356067841,-0.31628983641784,-0.160119375086464,-1.19708358969236,1,10,132
"Monitor","Dobbin West","DW02.2","2015",0,0.35692202696763,0,1,-0.262607888512833,-0.31628983641784,-0.160119375086464,-1.19708358969236,1,10,133
"Monitor","Dobbin West","DW03.1","2015",0,0.464278083786591,0,1,1.29415983400739,-0.31628983641784,-0.160119375086464,-1.19708358969236,1,10,134
"Monitor","Dobbin West","DW03.2","2015",0,0.571634140605552,0,1,-0.440524199658002,-0.31628983641784,-0.160119375086464,-1.19708358969236,1,10,135
"Monitor","Dobbin West","DW03.3","2015",0,0.776586612714477,0,1,0.893848133930763,1.38349573654397,0.739900566561742,-0.197033107429407,1,10,136
"Monitor","Dobbin West","DW04.1","2015",0,1.20601083999032,0,1,0.804889978358179,1.38349573654397,0.739900566561742,-0.197033107429407,1,10,137
"Monitor","Dobbin West","DW04.2","2015",0,1.41584313286375,0,1,0.671452744999302,1.38349573654397,0.739900566561742,-0.197033107429407,1,10,138
"Monitor","Elkhorn","EH01","2012",1,-0.22377664400766,1,1,-0.173649732940249,-0.141311909789418,-0.3176228648749,-0.179258628334141,1,11,139
"Monitor","Elkhorn","EH02","2012",1,-0.0139443511342357,1,1,0.404578278281549,-0.141311909789418,-0.3176228648749,-0.179258628334141,1,11,140
"Monitor","Elkhorn","EH03","2011",1,0.0641327810977359,1,1,-1.15218944423868,-0.141311909789418,-0.3176228648749,-0.179258628334141,1,11,141
"Monitor","Elkhorn","EH04","2011",1,0.147089734094206,1,1,1.51655522293885,-0.141311909789418,-0.3176228648749,-0.179258628334141,1,11,142
"Monitor","Elkhorn","EHSG01","2013",1,-0.0676223795437162,1,1,0.0487456559912119,0.208643943467426,-0.3176228648749,-0.179258628334141,1,11,143
"Monitor","Elkhorn","EHSG02","2013",1,-0.0920214833662074,1,1,-0.173649732940249,0.208643943467426,-0.3176228648749,-0.179258628334141,1,11,144
"Monitor","Elkhorn","EHSG03","2011",1,-0.0676223795437162,1,1,-0.39604512187171,0.208643943467426,-0.3176228648749,-0.179258628334141,1,11,145
"Monitor","Elkhorn","EHSG04","2013",1,-0.116420587188699,1,1,-0.307086966299125,0.208643943467426,-0.3176228648749,-0.179258628334141,1,11,146
"Monitor","Elkhorn","EHSG05","2013",1,-0.0090645303697375,1,1,-0.0402124995813724,0.208643943467426,-0.3176228648749,-0.179258628334141,1,11,147
"Monitor","Elkhorn","EHSG06","2011",1,-0.0822618418372109,1,1,-0.173649732940249,0.208643943467426,-0.3176228648749,-0.179258628334141,1,11,148
"Monitor","Elkhorn","EHSG07","2013",1,-0.00418470960523927,1,1,0.315620122708965,0.208643943467426,-0.3176228648749,-0.179258628334141,1,11,149
"Monitor","Elkhorn","EHSG08","2011",1,-0.0773820210727127,1,1,0.404578278281549,0.208643943467426,-0.3176228648749,-0.179258628334141,1,11,150
"Monitor","Elkhorn","EHSG09","2013",1,0.0202143942172519,1,1,1.11624352286222,0.208643943467426,-0.3176228648749,-0.179258628334141,1,11,151
"Monitor","Elkhorn","EHSG10","2013",1,-0.0334636341922286,1,1,1.60551337851144,0.208643943467426,-0.3176228648749,-0.179258628334141,1,11,152
"Toiyabe","Grass Springs","GS01","2008",1,-0.69223943739949,1,1,-1.0187522108798,0.121154980153215,0.312391094278844,-0.119552621459673,3,12,153
"Toiyabe","Grass Springs","GS02","2009",1,-0.91183137180191,1,1,-0.974273133093508,0.121154980153215,0.312391094278844,-0.119552621459673,3,12,154
"Toiyabe","Grass Springs","GS03","2009",1,-1.15094258926232,1,1,1.02728536728964,0.121154980153215,0.312391094278844,-0.119552621459673,3,12,155
"Toiyabe","Grass Springs","GS04","2008",1,-1.18022151384931,1,1,0.62697366721301,0.121154980153215,0.312391094278844,-0.119552621459673,3,12,156
"Toiyabe","Grass Springs","GS05","2006",1,-1.14118294773333,1,1,0.137703811563796,0.121154980153215,0.312391094278844,-0.119552621459673,3,12,157
"Toiyabe","Grass Springs","GS06","2006",1,-1.03870671167886,1,1,-0.0402124995813724,0.121154980153215,0.312391094278844,-0.119552621459673,3,12,158
"Toiyabe","Grass Springs","GS07","2006",1,-0.858153343392429,1,1,-0.707398666375755,0.121154980153215,0.312391094278844,-0.119552621459673,3,12,159
"Toiyabe","Grass Springs","GS08","2006",1,-0.936230475624401,1,1,-2.04177099996452,0.121154980153215,0.312391094278844,-0.119552621459673,3,12,160
"Toiyabe","Grass Springs","GS09","2006",1,-1.18510133461381,1,1,0.0487456559912119,0.121154980153215,0.312391094278844,-0.119552621459673,3,12,161
"Toiyabe","Grass Springs","GS10","2006",1,-1.26317846684578,1,1,0.00426657820491977,0.121154980153215,0.312391094278844,-0.119552621459673,3,12,162
"Toiyabe","Grass Springs","GSSG01","2011",1,-1.13142330620433,1,1,0.0487456559912119,0.683584030030286,0.0423851117843822,-0.237244915211941,3,12,163
"Toiyabe","Grass Springs","GSSG02","2011",1,-1.12166366467533,1,1,-0.173649732940249,0.683584030030286,0.0423851117843822,-0.237244915211941,3,12,164
"Toiyabe","Grass Springs","GSSG03","2011",1,-1.12654348543983,1,1,-0.307086966299125,0.683584030030286,0.0423851117843822,-0.237244915211941,3,12,165
"Toiyabe","Grass Springs","GSSG04","2011",1,-1.10214438161734,1,1,-0.0846915773676645,0.683584030030286,0.0423851117843822,-0.237244915211941,3,12,166
"Toiyabe","Grass Springs","GSSG05","2011",1,-1.09238474008834,1,1,-0.218128810726541,0.683584030030286,0.0423851117843822,-0.237244915211941,3,12,167
"Toiyabe","Grass Springs","GSSG06","2011",1,-1.08262509855935,1,1,-0.129170655153957,0.683584030030286,0.0423851117843822,-0.237244915211941,3,12,168
"Toiyabe","Grass Springs","GSSG07","2011",1,-1.08262509855935,1,1,-0.218128810726541,0.683584030030286,0.0423851117843822,-0.237244915211941,3,12,169
"Toiyabe","Grass Springs","GSSG08","2011",1,-1.05822599473686,1,1,-0.262607888512833,0.683584030030286,0.0423851117843822,-0.237244915211941,3,12,170
"Toiyabe","Grass Springs","GSSG09","2011",1,-1.01918742862087,1,1,-0.840835899734631,0.683584030030286,0.0423851117843822,-0.237244915211941,3,12,171
"Toiyabe","Grass Springs","GSSG10","2011",1,-1.03382689091437,1,1,-0.0846915773676645,0.683584030030286,0.0423851117843822,-0.237244915211941,3,12,172
"Toiyabe","Grass Springs","GSSG11","2011",1,-0.99478832479838,1,1,-0.885314977520923,0.683584030030286,0.0423851117843822,-0.237244915211941,3,12,173
"Toiyabe","Grass Springs","GSSG12","2011",1,-1.02894707014987,1,1,-0.440524199658002,0.683584030030286,0.0423851117843822,-0.237244915211941,3,12,174
"Shoshone","Underdown","High.Burned.M.1","2006",0,0.137818074641659,1,0,-2.1752082333234,2.10852927395217,1.61516995981462,-0.697690887069203,2,25,175
"Shoshone","Underdown","High.Burned.M.2","2006",0,0.121226684042364,1,0,-0.218128810726541,2.10852927395217,1.61516995981462,-0.697690887069203,2,25,176
"Shoshone","Underdown","High.Burned.M.3","2006",0,0.124642558577514,1,0,-1.15218944423868,2.10852927395217,1.61516995981462,-0.697690887069203,2,25,177
"Shoshone","Underdown","High.Control.M.1","2001",1,0.203207672885935,0,0,-0.440524199658002,2.10852927395217,1.61516995981462,-0.697690887069203,2,25,178
"Shoshone","Underdown","High.Control.M.2","2006",0,0.168072963381549,0,0,-0.885314977520923,2.10852927395217,1.61516995981462,-0.697690887069203,2,25,179
"Shoshone","Underdown","High.Control.M.3","2006",0,0.204671619115286,0,0,-2.30864546668227,2.10852927395217,1.61516995981462,-0.697690887069203,2,25,180
"Toiyabe","Jett","JE01.1","2006",1,-1.70236233565062,0,0,0.315620122708965,-2.04107225604086,-1.89265776275926,1.3280857118385,3,13,181
"Toiyabe","Jett","JE01.2","2006",1,-1.67308341106363,0,0,-0.218128810726541,-2.04107225604086,-1.89265776275926,1.3280857118385,3,13,182
"Toiyabe","Jett","JE01.3","2006",1,-1.4876502220127,0,0,-0.262607888512833,-2.04107225604086,-1.89265776275926,1.3280857118385,3,13,183
"Toiyabe","Jett","JE02.1","2012",1,-1.31685649525526,0,0,0.0932247337775041,0.283634483451036,1.25741203300946,-0.0150004089396139,3,13,184
"Toiyabe","Jett","JE02.2","2013",1,-1.15094258926232,0,0,0.582494589426718,0.283634483451036,1.25741203300946,-0.0150004089396139,3,13,185
"Toiyabe","Jett","JE02.3","2006",1,-1.00454796632738,0,0,0.62697366721301,0.283634483451036,1.25741203300946,-0.0150004089396139,3,13,186
"Toiyabe","Jett","JE03.1","2006",1,-0.867912984921426,0,0,0.715931822785594,0.283634483451036,1.25741203300946,-0.0150004089396139,3,13,187
"Toiyabe","Jett","JE03.2","2006",1,-0.804475314982949,0,0,-0.440524199658002,0.283634483451036,1.25741203300946,-0.0150004089396139,3,13,188
"Toiyabe","Jett","JE03.3","2013",1,-0.638561408990009,0,0,-3.55405964469845,0.258637636789833,0.312391094278844,-1.29735640513024,3,13,189
"Shoshone","Underdown","Low.Burned.M.1","2001",1,-1.11239200522279,0,0,-2.1307291555371,-1.19605385465888,-0.699456325119152,-3.96302568226599,2,25,190
"Shoshone","Underdown","Low.Burned.M.2","2003",1,-1.11580787975794,1,0,-1.33010575538384,-1.19605385465888,-0.699456325119152,-3.96302568226599,2,25,191
"Shoshone","Underdown","Low.Burned.M.3","2001",1,-1.14752671472718,0,0,-1.0187522108798,-1.19605385465888,-0.699456325119152,-3.96302568226599,2,25,192
"Shoshone","Underdown","Low.Control.M.1","2006",0,-1.24609909417004,0,0,-0.840835899734631,-1.19605385465888,-0.699456325119152,-3.96302568226599,2,25,193
"Shoshone","Underdown","Low.Control.M.2","2004",1,-1.26854626968673,0,0,-0.840835899734631,-1.19605385465888,-0.699456325119152,-3.96302568226599,2,25,194
"Shoshone","Underdown","Low.Control.M.3","2001",1,-1.26073855646353,0,0,-0.796356821948339,-1.19605385465888,-0.699456325119152,-3.96302568226599,2,25,195
"Toquima","Meadow","MD01.1","2015",0,-0.301853776239631,0,1,-0.0402124995813724,-0.191305603111824,0.267390097196434,-0.111745803190876,4,14,196
"Toquima","Meadow","MD01.2","2013",1,-0.233536285536656,0,1,-0.0846915773676645,-0.191305603111824,0.267390097196434,-0.111745803190876,4,14,197
"Toquima","Meadow","MD01.3","2015",0,-0.0920214833662074,0,1,-0.129170655153957,-0.191305603111824,0.267390097196434,-0.111745803190876,4,14,198
"Toquima","Meadow","MD02.1","2015",0,0.103171347213722,0,1,-0.885314977520923,-0.191305603111824,0.267390097196434,-0.111745803190876,4,14,199
"Toquima","Meadow","MD02.2","2015",0,0.230046687090676,0,1,0.0932247337775041,-0.191305603111824,0.267390097196434,-0.111745803190876,4,14,200
"Toquima","Meadow","MD02.3","2015",0,0.308123819322647,0,1,-0.218128810726541,0.546101373393669,0.919904554891384,-0.0389934597571689,4,14,201
"Toquima","Meadow","MD03.1","2015",0,0.615552527486036,0,1,-0.173649732940249,0.883558803319911,1.18991053738585,0.0922646192795444,4,14,202
"Toquima","Meadow","MD03.2","2015",0,0.849783924181951,0,1,-0.262607888512833,0.883558803319911,1.18991053738585,0.0922646192795444,4,14,203
"Toquima","Meadow","MD04.1","2015",0,1.24992922687081,0,1,-0.840835899734631,0.546101373393669,0.919904554891384,-0.0389934597571689,4,14,204
"Toquima","Meadow","MD04.2","2015",0,1.45488169897973,0,1,-1.64145929988789,0.883558803319911,1.18991053738585,0.0922646192795444,4,14,205
"Toquima","Meadow","MD05.1","2015",0,1.65495435032416,0,1,0.182182889350088,0.883558803319911,1.18991053738585,0.0922646192795444,4,14,206
"Toquima","Meadow","MD05.2","2015",0,1.72327184102713,0,1,0.137703811563796,0.63359033670788,1.09990854322102,-0.222793490326253,4,14,207
"Toquima","Moores East","ME01.1","2012",1,1.08401532087787,0,1,-0.351566044085417,-0.541261456368668,-1.03763881819347,0.59550798061837,4,15,208
"Toquima","Moores East","ME01.2","2013",1,0.918101414884926,0,1,-0.0402124995813724,-0.541261456368668,-1.03763881819347,0.59550798061837,4,15,209
"Toquima","Moores East","ME02.1","2015",0,0.639951631308527,0,1,0.137703811563796,-0.541261456368668,-1.03763881819347,0.59550798061837,4,15,210
"Toquima","Moores East","ME02.2","2012",1,0.542355216018562,0,1,-0.573961433016878,-0.541261456368668,-1.03763881819347,0.59550798061837,4,15,211
"Toquima","Moores East","ME03.1","2015",0,0.0299740357462483,0,1,0.982806289503347,-0.541261456368668,-1.03763881819347,0.59550798061837,4,15,212
"Toquima","Moores East","ME03.2","2015",0,-0.0871416626017092,0,1,-0.529482355230586,-0.541261456368668,-1.03763881819347,0.59550798061837,4,15,213
"Toquima","Moores East","ME04.1","2012",1,-0.453128219939076,0,1,0.0932247337775041,-1.11618892957634,-1.39764679485275,0.483501422807282,4,15,214
"Toquima","Moores East","ME04.2","2012",1,-0.60928248440302,0,1,0.715931822785594,-1.11618892957634,-1.39764679485275,0.483501422807282,4,15,215
"Shoshone","Underdown","Mid.Burned.E.1","2001",1,-0.422873331199188,0,0,-0.351566044085417,0.362874487367049,0.443343995788658,-1.95964797455887,2,25,216
"Shoshone","Underdown","Mid.Burned.E.2","2001",1,-0.396034316994448,0,0,-0.262607888512833,0.362874487367049,0.443343995788658,-1.95964797455887,2,25,217
"Shoshone","Underdown","Mid.Burned.E.3","2003",1,-0.409697815135042,1,0,-0.485003277444294,0.362874487367049,0.443343995788658,-1.95964797455887,2,25,218
"Shoshone","Underdown","Mid.Burned.L.1","2001",1,-0.514125979495304,0,0,-0.573961433016878,0.362874487367049,0.443343995788658,-1.95964797455887,2,25,219
"Shoshone","Underdown","Mid.Burned.L.2","2006",1,-0.514125979495304,1,0,0.00426657820491977,0.362874487367049,0.443343995788658,-1.95964797455887,2,25,220
"Shoshone","Underdown","Mid.Burned.L.3","2001",1,-0.475575395455768,0,0,-0.796356821948339,0.362874487367049,0.443343995788658,-1.95964797455887,2,25,221
"Shoshone","Underdown","Mid.Burned.M.1","2003",1,-0.449712345403928,1,0,-0.440524199658002,0.362874487367049,0.443343995788658,-1.95964797455887,2,25,222
"Shoshone","Underdown","Mid.Burned.M.2","2001",1,-0.419457456664038,0,0,-0.262607888512833,0.362874487367049,0.443343995788658,-1.95964797455887,2,25,223
"Shoshone","Underdown","Mid.Burned.M.3","2003",1,-0.431169026498834,1,0,-0.351566044085417,0.362874487367049,0.443343995788658,-1.95964797455887,2,25,224
"Shoshone","Underdown","Mid.Control.E.1","2006",0,-0.530717370094599,0,0,-0.351566044085417,0.362874487367049,0.443343995788658,-1.95964797455887,2,25,225
"Shoshone","Underdown","Mid.Control.E.2","2006",1,-0.556580420146438,0,0,-0.440524199658002,0.362874487367049,0.443343995788658,-1.95964797455887,2,25,226
"Shoshone","Underdown","Mid.Control.E.3","2001",1,-0.583419434351178,0,0,-0.440524199658002,0.362874487367049,0.443343995788658,-1.95964797455887,2,25,227
"Shoshone","Underdown","Mid.Control.L.1","2003",1,-0.630265713690363,0,0,-0.129170655153957,0.362874487367049,0.443343995788658,-1.95964797455887,2,25,228
"Shoshone","Underdown","Mid.Control.L.2","2006",0,-0.712246702533932,0,0,0.00426657820491977,0.362874487367049,0.443343995788658,-1.95964797455887,2,25,229
"Shoshone","Underdown","Mid.Control.L.3","2001",1,-0.691263473246591,0,0,-0.262607888512833,0.362874487367049,0.443343995788658,-1.95964797455887,2,25,230
"Shoshone","Underdown","Mid.Control.M.1","2001",1,-0.673696118494395,0,0,-0.39604512187171,0.362874487367049,0.443343995788658,-1.95964797455887,2,25,231
"Shoshone","Underdown","Mid.Control.M.2","2001",1,-0.559996294681588,0,0,-0.173649732940249,0.362874487367049,0.443343995788658,-1.95964797455887,2,25,232
"Shoshone","Underdown","Mid.Control.M.3","2001",1,-0.653688853359953,0,0,-0.662919588589463,-0.100567049731657,0.288990575795991,-4.7732673075389,2,25,233
"Toquima","Moores West","MW01.1","2015",0,-1.11678384391084,0,0,0.62697366721301,-1.54113532281679,-1.71265377442962,0.669493064736789,4,16,234
"Toquima","Moores West","MW01.2","2015",0,-0.658080692048002,0,0,0.315620122708965,-1.54113532281679,-1.71265377442962,0.669493064736789,4,16,235
"Toquima","Moores West","MW02.1","2012",1,-0.482407144526066,0,1,0.804889978358179,-1.54113532281679,-1.71265377442962,0.669493064736789,4,16,236
"Toquima","Moores West","MW02.2","2012",1,-0.345772163120115,0,1,0.137703811563796,-1.54113532281679,-1.71265377442962,0.669493064736789,4,16,237
"Toquima","Moores West","MW03.1","2015",0,0.132450271800711,0,0,-0.173649732940249,-1.54113532281679,-1.71265377442962,0.669493064736789,4,16,238
"Toquima","Moores West","MW03.2","2015",0,0.41060005537711,0,1,0.804889978358179,-0.541261456368668,-1.03763881819347,0.59550798061837,4,16,239
"Toquima","Moores West","MW04.1","2015",0,0.308123819322647,0,1,0.804889978358179,-0.541261456368668,-1.03763881819347,0.59550798061837,4,16,240
"Toquima","Moores West","MW04.2","2015",0,0.615552527486036,0,1,0.226661967136381,-0.541261456368668,-1.03763881819347,0.59550798061837,4,16,241
"Toquima","Moores West","MW05.1","2015",0,0.74242786736299,0,1,1.16072260064852,-0.541261456368668,-1.03763881819347,0.59550798061837,4,16,242
"Toquima","Moores West","MW05.2","2013",1,0.903461952591431,0,1,0.671452744999302,-0.541261456368668,-1.03763881819347,0.59550798061837,4,16,243
"Toquima","Northumberland East","NE01.1","2015",0,-0.218896823243161,0,0,0.0487456559912119,-0.041324523144605,-0.722631838616594,0.658448401461715,4,17,244
"Toquima","Northumberland East","NE01.2","2012",1,-0.145699511775688,0,1,0.226661967136381,-0.041324523144605,-0.722631838616594,0.658448401461715,4,17,245
"Toquima","Northumberland East","NE02.1","2012",1,0.181248479445693,0,1,1.29415983400739,-0.191305603111824,-0.812633832781414,0.623556057284176,4,17,246
"Toquima","Northumberland East","NE02.2","2012",1,0.352042206203131,0,1,1.64999245629773,-0.191305603111824,-0.812633832781414,0.623556057284176,4,17,247
"Toquima","Northumberland East","NE03.1","2012",1,0.747307688127488,0,1,0.271141044922673,1.15852411659315,-0.0926178794628488,1.12945642164726,4,17,248
"Toquima","Northumberland East","NE03.2","2015",0,0.981539084823403,0,0,0.804889978358179,1.15852411659315,-0.0926178794628488,1.12945642164726,4,17,249
"Toquima","Northumberland East","NE04.1","2015",0,1.30848707604478,0,0,1.33863891179368,1.15852411659315,-0.0926178794628488,1.12945642164726,4,17,250
"Toquima","Northumberland East","NE04.2","2015",0,1.43048259515724,0,0,1.38311798957998,1.15852411659315,-0.0926178794628488,1.12945642164726,4,17,251
"Toquima","Northumberland East","NE05.1","2015",0,1.70375255796914,0,0,1.96134600080177,1.15852411659315,-0.0926178794628488,1.12945642164726,4,17,252
"Toquima","Northumberland East","NE05.2","2015",0,1.91846467160706,0,0,1.38311798957998,1.15852411659315,-0.0926178794628488,1.12945642164726,4,17,253
"Toquima","Northumberland West","NW01.1","2012",1,-0.950869937917896,0,1,-0.796356821948339,-1.54113532281679,-1.66765277734721,0.389968168801844,4,18,254
"Toquima","Northumberland West","NW01.2","2013",1,-0.672720154341497,0,1,0.182182889350088,-0.366283529740246,-0.947636824028645,0.70373537592039,4,18,255
"Toquima","Northumberland West","NW02.1","2013",1,-0.506806248348557,0,1,0.137703811563796,-0.366283529740246,-0.947636824028645,0.70373537592039,4,18,256
"Toquima","Northumberland West","NW02.2","2015",0,-0.126180228717695,0,0,0.404578278281549,-0.366283529740246,-0.947636824028645,0.70373537592039,4,18,257
"Toquima","Northumberland West","NW03.1","2015",0,0.0787722433912306,0,0,-0.485003277444294,0.433615563418255,-0.497626853204542,0.958447685113506,4,18,258
"Toquima","Northumberland West","NW03.2","2015",0,0.454518442257594,0,0,1.69447153408402,0.433615563418255,-0.497626853204542,0.958447685113506,4,18,259
"Toquima","Northumberland West","NW04.1","2015",1,0.610672706721538,0,0,1.60551337851144,0.433615563418255,-0.497626853204542,0.958447685113506,4,18,260
"Toquima","Northumberland West","NW04.2","2013",1,0.966899622529908,0,1,1.56103430072515,0.433615563418255,-0.497626853204542,0.958447685113506,4,18,261
"Toquima","Northumberland West","NW05.1","2015",0,1.11817406622935,0,0,-0.485003277444294,0.433615563418255,-0.497626853204542,0.958447685113506,4,18,262
"Toquima","Northumberland West","NW06.1","2012",1,1.41584313286375,0,1,-1.33010575538384,1.15852411659315,-0.0926178794628488,1.12945642164726,4,18,263
"Toquima","Northumberland West","NW06.2","2013",1,1.78670951096561,0,1,1.29415983400739,1.15852411659315,-0.0926178794628488,1.12945642164726,4,18,264
"Toiyabe","Ophir","OP01.1","2006",1,-1.71700179794412,0,0,0.0932247337775041,-1.566132169478,-0.947636824028645,-0.408166944615526,3,19,265
"Toiyabe","Ophir","OP01.2","2012",1,-1.40469326901623,0,0,-1.99729192217823,-1.566132169478,-0.947636824028645,-0.408166944615526,3,19,266
"Toiyabe","Ophir","OP02.1","2006",1,-1.11190402314634,0,0,-0.885314977520923,-1.566132169478,-0.947636824028645,-0.408166944615526,3,19,267
"Toiyabe","Ophir","OP02.2","2006",1,-0.750797286573468,0,0,-2.1752082333234,-1.566132169478,-0.947636824028645,-0.408166944615526,3,19,268
"Toiyabe","Ophir","OP03.1","2012",1,-0.355531804649112,0,0,0.271141044922673,-1.566132169478,-0.947636824028645,-0.408166944615526,3,19,269
"Toiyabe","Ophir","OP03.2","2006",1,-0.209137181714165,0,0,-0.573961433016878,-1.566132169478,-0.947636824028645,-0.408166944615526,3,19,270
"Toiyabe","Ophir","OP04.1","2012",1,0.230046687090676,0,0,-0.61844051080317,1.20851780991555,1.21241103592705,0.949162142858283,3,19,271
"Toiyabe","Ophir","OP05.1","2006",1,0.459398263022093,0,0,0.493536433854133,1.20851780991555,1.21241103592705,0.949162142858283,3,19,272
"Toiyabe","Ophir","OP05.2","2014",0,0.761947150420983,0,0,-1.28562667759755,1.82094055311503,1.57241901258633,0.459131538970272,3,19,273
"Toiyabe","Ophir","OP06.1","2012",1,1.15721263234534,0,0,-0.61844051080317,1.17102253992375,0.582397076773306,0.459131538970272,3,19,274
"Toiyabe","Ophir","OP06.2","2006",1,1.48904044433122,0,0,-0.662919588589463,1.20851780991555,1.21241103592705,0.949162142858283,3,19,275
"Toiyabe","Ophir","OP07.1","2014",0,1.79158933173011,0,0,-3.15374794462182,1.20851780991555,1.21241103592705,0.949162142858283,3,19,276
"Toiyabe","Ophir","OP08.1","2014",0,2.44548531417287,0,0,-1.5969802221016,1.20851780991555,1.21241103592705,0.949162142858283,3,19,277
"Toiyabe","Ophir","OP09.1","2014",0,2.76755348462975,0,0,-2.26416638889598,1.20851780991555,1.21241103592705,0.949162142858283,3,19,278
"Toiyabe","Ophir","OP09.2","2014",0,3.22137681572809,0,0,-3.64301780027104,1.28350834989916,1.34741402717428,0.873659845603691,3,19,279
"Shoshone","Riley","RI01.1","2006",1,-1.24853900455229,0,1,0.493536433854133,-1.51613847615559,-0.677630841534183,-0.462041590337199,2,20,280
"Shoshone","Riley","RI01.2","2006",1,-1.00454796632738,0,1,-1.06323128866609,-1.51613847615559,-0.677630841534183,-0.462041590337199,2,20,281
"Shoshone","Riley","RI02.1","2006",1,-0.848393701863433,0,1,-0.262607888512833,-1.51613847615559,-0.677630841534183,-0.462041590337199,2,20,282
"Shoshone","Riley","RI02.2","2006",1,-0.677599975105995,0,1,-0.129170655153957,-1.51613847615559,-0.677630841534183,-0.462041590337199,2,20,283
"Shoshone","Riley","RI03.1","2006",1,-0.301853776239631,0,1,0.671452744999302,-1.51613847615559,-0.677630841534183,-0.462041590337199,2,20,284
"Shoshone","Riley","RI03.2","2015",0,-0.0773820210727127,0,1,0.849369056144471,-1.51613847615559,-0.677630841534183,-0.462041590337199,2,20,285
"Shoshone","Riley","RI04.1","2012",1,0.230046687090676,0,1,0.0932247337775041,-0.741236229658293,0.0423851117843822,0.166467339583495,2,20,286
"Shoshone","Riley","RI04.2","2012",1,0.444758800728598,0,1,0.804889978358179,-0.741236229658293,0.0423851117843822,0.166467339583495,2,20,287
"Shoshone","Riley","RI05.1","2006",1,0.791226075007972,0,1,0.182182889350088,1.08353357660954,1.25741203300946,0.710970814901106,2,20,288
"Shoshone","Riley","RI05.2","2014",1,1.09377496240686,0,1,-0.0846915773676645,-0.741236229658293,0.0423851117843822,0.166467339583495,2,20,289
"Monitor","Ryegrass","RY01","2015",0,-0.863033164156928,0,1,0.360099200495257,-1.39115424284957,-1.12764081235829,0.552307494719304,1,21,290
"Monitor","Ryegrass","RY02","2015",0,-0.658080692048002,0,1,0.404578278281549,-1.39115424284957,-1.12764081235829,0.552307494719304,1,21,291
"Monitor","Ryegrass","RY03","2015",0,-0.418969474587589,0,1,0.360099200495257,-0.491267763046262,-0.497626853204542,0.562247429527942,1,21,292
"Monitor","Ryegrass","RY04","2015",0,-0.184738077891674,0,1,0.226661967136381,-1.01620154293153,-0.812633832781414,0.688538729955414,1,21,293
"Monitor","Ryegrass","RY05","2006",1,0.0787722433912306,0,1,-0.39604512187171,-0.491267763046262,-0.497626853204542,0.562247429527942,1,21,294
"Monitor","Ryegrass","RY06","2015",0,0.381321130790121,0,1,0.360099200495257,-1.01620154293153,-0.812633832781414,0.688538729955414,1,21,295
"Monitor","Ryegrass","RY07","2015",0,0.444758800728598,0,1,0.671452744999302,-0.991204696270324,-0.767632835699004,0.57708424398494,1,21,296
"Toiyabe","San Juan","SJ01.1","2006",1,-1.05822599473686,0,1,-1.33010575538384,-2.26604387599168,-1.12764081235829,-1.5528864952643,3,22,297
"Toiyabe","San Juan","SJ01.2","2006",1,-0.99478832479838,0,1,-2.39760362225486,-1.628624286131,-0.677630841534183,-0.549481946877863,3,22,298
"Toiyabe","San Juan","SJ01.3","2006",1,-0.784956031924956,0,1,1.38311798957998,-1.628624286131,-0.677630841534183,-0.549481946877863,3,22,299
"Toiyabe","San Juan","SJ02.1","2006",1,-0.492166786055062,0,1,1.33863891179368,-1.628624286131,-0.677630841534183,-0.549481946877863,3,22,300
"Toiyabe","San Juan","SJ02.2","2006",1,-0.44336857841008,0,1,-0.61844051080317,-1.628624286131,-0.677630841534183,-0.549481946877863,3,22,301
"Toiyabe","San Juan","SJ02.3","2006",1,-0.155459153304684,0,1,-0.440524199658002,-0.341286683079043,0.312391094278844,-0.0498810966005785,3,22,302
"Toiyabe","San Juan","SJ03.1","2012",1,0.0836520641557288,0,1,1.42759706736627,-0.341286683079043,0.312391094278844,-0.0498810966005785,3,22,303
"Toiyabe","San Juan","SJ03.2","2006",1,0.308123819322647,0,1,1.42759706736627,-0.341286683079043,0.312391094278844,-0.0498810966005785,3,22,304
"Toiyabe","San Juan","SJ04.1","2006",1,0.391080772319117,0,1,-0.529482355230586,-0.341286683079043,0.312391094278844,-0.0498810966005785,3,22,305
"Toiyabe","San Juan","SJ04.2","2006",1,0.610672706721538,0,1,1.69447153408402,-0.341286683079043,0.312391094278844,-0.0498810966005785,3,22,306
"Toiyabe","San Juan","SJ05.1","2012",1,0.893702311062435,0,1,0.449057356067841,-0.341286683079043,0.312391094278844,-0.0498810966005785,3,22,307
"Toiyabe","San Juan","SJ05.2","2012",1,1.13281352852285,0,1,-0.707398666375755,-0.366283529740246,-0.722631838616594,-0.0688631282835201,3,22,308
"Toiyabe","Summit","SU01.1","2006",1,-1.61940538265415,0,0,-1.33010575538384,-1.566132169478,-0.790133334240209,-0.575204801808254,3,24,309
"Toiyabe","Summit","SU01.2","2012",1,-1.2143802592008,0,0,-2.53104085561373,-1.566132169478,-0.790133334240209,-0.575204801808254,3,24,310
"Toiyabe","Summit","SU02.1","2012",1,-0.955749758682394,0,0,-0.573961433016878,-1.566132169478,-0.790133334240209,-0.575204801808254,3,24,311
"Toiyabe","Summit","SU02.2","2006",1,-0.853273522627931,0,0,-0.707398666375755,-1.566132169478,-0.790133334240209,-0.575204801808254,3,24,312
"Toiyabe","Summit","SU03.1","2013",1,-0.199377540185168,0,0,0.360099200495257,-1.566132169478,-0.790133334240209,-0.575204801808254,3,24,313
"Toiyabe","Summit","SU03.2","2012",1,-0.0481030964857233,0,0,0.226661967136381,-1.566132169478,-0.790133334240209,-0.575204801808254,3,24,314
"Toiyabe","Summit","SU04.1","2006",1,0.142209913329708,0,0,-2.21968731110969,-1.566132169478,-0.790133334240209,-0.575204801808254,3,24,315
"Toiyabe","Summit","SU04.2","2015",0,0.430119338435103,0,0,-3.02031071126295,1.17102253992375,1.57241901258633,0.459131538970272,3,24,316
"Toiyabe","Summit","SU05.1","2006",1,0.718028763540499,0,0,1.8279087674429,1.08353357660954,1.4374160213391,0.594074554884862,3,24,317
"Toiyabe","Summit","SU05.2","2006",1,0.986418905587901,0,0,0.760410900571886,1.08353357660954,1.4374160213391,0.594074554884862,3,24,318
"Toiyabe","Summit","SU06.1","2012",1,1.24016958534181,0,0,-2.44208270004115,1.08353357660954,1.4374160213391,0.594074554884862,3,24,319
"Toiyabe","Summit","SU06.2","2013",1,1.29872743451579,0,0,-3.50958056691216,1.08353357660954,1.4374160213391,0.594074554884862,3,24,320
"Toiyabe","Stewart","SW00.1","2014",1,1.38656420827676,0,0,-2.57551993340003,0.146151826814419,0.807402062185358,-0.223745936633481,3,23,321
"Toiyabe","Stewart","SW01.1","2015",0,1.5329588312117,0,0,-1.5969802221016,0.146151826814419,0.807402062185358,-0.223745936633481,3,23,322
"Toiyabe","Stewart","SW01.2","2015",0,1.68911309567565,0,0,-0.262607888512833,0.146151826814419,0.807402062185358,-0.223745936633481,3,23,323
"Toiyabe","Stewart","SW02.1","2015",0,2.00142162460353,0,0,-0.0846915773676645,2.09590586638826,2.78744593381141,-0.572181610991995,3,23,324
"Toiyabe","Stewart","SW02.2","2015",0,2.31373015353142,0,0,1.42759706736627,2.09590586638826,2.78744593381141,-0.572181610991995,3,23,325
"Toiyabe","Stewart","SW03.1","2015",0,2.60163957863681,0,0,-2.08625007775081,2.09590586638826,2.78744593381141,-0.572181610991995,3,23,326
"Toiyabe","Stewart","SW03.2","2013",1,2.81147187151024,0,0,-0.307086966299125,2.09590586638826,2.78744593381141,-0.572181610991995,3,23,327
"Toiyabe","Stewart","SW04.1","2015",0,3.07010237202865,0,0,1.60551337851144,2.09590586638826,2.78744593381141,-0.572181610991995,3,23,328
"Toiyabe","Stewart","SW05.1","2015",0,3.39705036325003,0,0,1.69447153408402,2.09590586638826,2.78744593381141,-0.572181610991995,3,23,329
"Toiyabe","Stewart","SW05.2","2013",1,3.64104140147494,0,0,1.96134600080177,2.09590586638826,2.78744593381141,-0.572181610991995,3,23,330
"Toiyabe","Stewart","SW06.1","2013",1,4.10462437410227,0,0,1.60551337851144,2.00841690307405,2.83244693089382,-0.753478837821225,3,23,331
"Toiyabe","Stewart","SW06.2","2015",0,4.38277415767867,0,0,-0.0402124995813724,2.00841690307405,2.83244693089382,-0.753478837821225,3,23,332
"Shoshone","Underdown","UN01.1","2006",1,-1.43397219360322,0,1,0.582494589426718,-2.11606279602447,-1.08263981527588,-1.92081495596182,2,25,333
"Shoshone","Underdown","UN01.2","2015",0,-1.26317846684578,0,1,-0.840835899734631,-2.11606279602447,-1.08263981527588,-1.92081495596182,2,25,334
"Shoshone","Underdown","UN02.1","2006",1,-1.00942778709187,0,1,-0.485003277444294,-2.11606279602447,-1.08263981527588,-1.92081495596182,2,25,335
"Shoshone","Underdown","UN02.2","2006",1,-0.848393701863433,1,1,0.62697366721301,-0.0663213698058081,0.42489358698487,0.166467339583495,2,25,336
"Shoshone","Underdown","UN03.1","2006",1,-0.555604455993539,1,1,0.315620122708965,-0.0663213698058081,0.42489358698487,0.166467339583495,2,25,337
"Shoshone","Underdown","UN03.2","2006",1,-0.365291446178108,1,1,0.182182889350088,-0.0663213698058081,0.42489358698487,0.166467339583495,2,25,338
"Shoshone","Underdown","UN04.1","2012",1,-0.121300407953197,0,1,0.0932247337775041,-0.741236229658293,0.0423851117843822,0.166467339583495,2,25,339
"Shoshone","Underdown","UN04.2","2006",1,0.215407224797181,0,1,0.137703811563796,1.08353357660954,1.25741203300946,0.710970814901106,2,25,340
"Shoshone","Underdown","UN05.1","2015",0,0.503316649902577,0,1,-0.173649732940249,1.08353357660954,1.25741203300946,0.710970814901106,2,25,341
"Shoshone","Underdown","UN05.2","2015",0,0.903461952591431,0,1,-0.440524199658002,1.08353357660954,1.25741203300946,0.710970814901106,2,25,342
"Shoshone","Underdown","UN06.1","2015",0,1.21089066075482,0,1,-0.61844051080317,1.08353357660954,1.25741203300946,0.710970814901106,2,25,343
"Shoshone","Underdown","UN06.2","2015",0,1.31824671757378,0,1,-0.796356821948339,1.08353357660954,1.25741203300946,0.710970814901106,2,25,344
"Shoshone","Underdown","UN07.1","2015",1,1.5280790104472,0,1,-0.707398666375755,1.08353357660954,1.25741203300946,0.710970814901106,2,25,345
"Shoshone","Underdown","UN07.2","2006",1,1.64031488803066,0,1,0.582494589426718,1.08353357660954,1.25741203300946,0.710970814901106,2,25,346
"Shoshone","Underdown","UN0B1","2006",1,-1.16070223079132,1,1,-1.0187522108798,-1.26617000954356,-0.542627850286952,-1.50371953295858,2,25,347
"Shoshone","Underdown","UN0B2","2008",1,-0.936230475624401,1,1,-0.662919588589463,0.508606103401864,0.582397076773306,0.460204058782573,2,25,348
"Shoshone","Underdown","UN0B3","2008",1,-0.906951551037412,1,1,-0.796356821948339,0.508606103401864,0.582397076773306,0.460204058782573,2,25,349
"Shoshone","Underdown","UN0B4","2006",1,-0.897191909508415,1,1,0.00426657820491977,0.508606103401864,0.582397076773306,0.460204058782573,2,25,350
"Shoshone","Underdown","UN0B5","2006",1,-0.438488757645582,1,1,-0.351566044085417,0.508606103401864,0.582397076773306,0.460204058782573,2,25,351
"Shoshone","Underdown","UN0B6","2008",1,-0.370171266942606,1,1,-0.573961433016878,0.508606103401864,0.582397076773306,0.460204058782573,2,25,352
"Shoshone","Underdown","UN0B7","2008",1,-0.301853776239631,1,1,-0.129170655153957,0.508606103401864,0.582397076773306,0.460204058782573,2,25,353
"Toiyabe","Wall","WA01.1","2006",1,-1.86827624164356,0,1,-1.41906391095643,-2.20355175933868,-1.89265776275926,-0.189640726146729,3,26,354
"Toiyabe","Wall","WA01.2","2012",1,-1.64380448647664,0,1,-0.0846915773676645,-1.29116685620476,-0.565128348828157,-1.27703148083743,3,26,355
"Toiyabe","Wall","WA02.1","2013",1,-1.38517398595824,0,1,0.0487456559912119,-1.29116685620476,-0.565128348828157,-1.27703148083743,3,26,356
"Toiyabe","Wall","WA02.2","2015",0,-1.14118294773333,0,1,0.982806289503347,-1.15368419956814,-0.385124360498516,-1.40381375494597,3,26,357
"Toiyabe","Wall","WA03.1","2006",1,-0.82887441880544,1,1,-0.173649732940249,-1.14118577623754,-0.22762087071008,-1.12828885145831,3,26,358
"Toiyabe","Wall","WA03.2","2006",1,-0.584883380580529,1,1,1.11624352286222,-0.87871888629491,0.0873861088667925,-1.40381375494597,3,26,359
"Toiyabe","Wall","WA04.1","2006",1,-0.296973955475133,0,1,0.715931822785594,-0.166308756450621,0.762401065102947,-2.40978340905461,3,26,360
"Toiyabe","Wall","WA04.2","2006",1,-0.0871416626017092,1,1,-0.307086966299125,-0.166308756450621,1.34741402717428,-1.17055575421556,3,26,361
"Toiyabe","Wall","WA05.1","2006",1,0.171488837916697,1,1,-0.573961433016878,0.133653403483817,1.05490754613861,-1.79016958163506,3,26,362
"Toiyabe","Wall","WA05.2","2006",1,0.454518442257594,1,1,0.760410900571886,-0.166308756450621,1.34741402717428,-1.17055575421556,3,26,363
"Toiyabe","Wall","WA06.1","2006",1,0.41060005537711,1,1,1.38311798957998,0.133653403483817,1.05490754613861,-1.79016958163506,3,26,364
"Toiyabe","Wall","WA0B1","2006",1,-0.716638541221981,1,1,0.360099200495257,-0.541261456368668,0.402393088443665,-1.12828885145831,3,26,365
"Toiyabe","Wall","WA0B2","2006",1,-0.531205352171048,1,1,-1.50802206652901,0.708580876691489,1.34741402717428,-1.17055575421556,3,26,366
"Toiyabe","Wall","WA0B3","2006",1,-0.458008040703575,1,1,0.982806289503347,0.708580876691489,1.34741402717428,-1.17055575421556,3,26,367
"Toiyabe","Wall","WA0B4","2006",1,-0.282334493181638,1,1,1.33863891179368,0.708580876691489,1.34741402717428,-1.17055575421556,3,26,368
"Toiyabe","Wall","WA0B5","2006",1,-0.262815210123645,1,1,0.449057356067841,0.708580876691489,1.34741402717428,-1.17055575421556,3,26,369
"Toiyabe","Wall","WA0B6","2006",1,0.000695111159258956,1,1,-0.707398666375755,0.708580876691489,1.34741402717428,-1.17055575421556,3,26,370
"Toiyabe","Wall","WA0B7","2006",1,0.249565970148669,1,1,-0.39604512187171,0.708580876691489,1.34741402717428,-1.17055575421556,3,26,371
"Toiyabe","Wall","WASG01","2011",1,-0.633681588225511,1,1,-0.173649732940249,-0.616251996352277,-0.542627850286952,-0.59539378618566,3,26,372
"Toiyabe","Wall","WASG02","2011",1,-0.575123739051532,1,1,0.671452744999302,-0.616251996352277,-0.542627850286952,-0.59539378618566,3,26,373
"Toiyabe","Wall","WASG03","2011",1,-0.628801767461013,1,1,-0.129170655153957,-0.616251996352277,-0.542627850286952,-0.59539378618566,3,26,374
"Toiyabe","Wall","WASG04","2011",1,-0.599522842874023,1,1,-2.08625007775081,-0.616251996352277,-0.542627850286952,-0.59539378618566,3,26,375
"Toiyabe","Wall","WASG05","2011",1,-0.555604455993539,1,1,-0.173649732940249,-0.616251996352277,-0.542627850286952,-0.59539378618566,3,26,376
"Toiyabe","Wall","WASG06","2011",1,-0.560484276758037,1,1,0.271141044922673,-0.616251996352277,-0.542627850286952,-0.59539378618566,3,26,377
"Toiyabe","Wall","WASG07","2011",1,-0.550724635229041,1,1,-1.55250114431531,-0.616251996352277,-0.542627850286952,-0.59539378618566,3,26,378
"Toiyabe","Wall","WASG08","2011",1,-0.521445710642052,1,1,-1.64145929988789,-0.616251996352277,-0.542627850286952,-0.59539378618566,3,26,379
"Toiyabe","Wall","WASG09","2011",1,-0.379930908471603,1,1,0.226661967136381,0.433615563418255,0.582397076773306,-1.17055575421556,3,26,380
"Toiyabe","Wall","WASG10","2011",1,-0.272574851652642,1,1,-0.61844051080317,0.433615563418255,0.582397076773306,-1.17055575421556,3,26,381
"Toiyabe","Wall","WASG11","2011",1,-0.326252880062122,1,1,0.271141044922673,0.433615563418255,0.582397076773306,-1.17055575421556,3,26,382
"Toiyabe","Wall","WASG12","2011",1,-0.257935389359147,1,1,-1.37458483317014,0.433615563418255,0.582397076773306,-1.17055575421556,3,26,383
"Monitor","White Sage","WH08","2015",0,-0.00418470960523927,0,1,1.2496807562211,-0.991204696270324,-0.767632835699004,0.57708424398494,1,29,384
"Monitor","White Sage","WH09","2015",0,-0.331132700826621,0,1,1.2496807562211,-0.991204696270324,-0.767632835699004,0.57708424398494,1,29,385
"Monitor","White Sage","WH10","2015",0,-0.565364097522536,0,1,0.182182889350088,-1.36615739618837,-1.03763881819347,0.667390756335615,1,29,386
"Monitor","White Sage","WH11","2015",0,-0.701999078928486,0,1,0.0487456559912119,-1.36615739618837,-1.03763881819347,0.667390756335615,1,29,387
"Monitor","White Sage","WH12","2014",0,-0.770316569631461,0,1,0.137703811563796,-0.941211002947918,-1.44264779193516,1.00113221502285,1,29,388
"Monitor","White Sage","WH13","2014",0,-0.99478832479838,0,1,0.226661967136381,-1.17868104622935,-1.57765078318239,0.938013288260742,1,29,389
"Monitor","Wallace","WL01","2006",1,-0.91183137180191,0,1,0.271141044922673,-1.51613847615559,-1.08263981527588,0.499954363502695,1,27,390
"Monitor","Wallace","WL02","2006",1,-0.809355135747447,0,1,1.29415983400739,-1.51613847615559,-1.08263981527588,0.499954363502695,1,27,391
"Monitor","Wallace","WL03","2015",0,-0.765436748866963,0,1,0.804889978358179,-1.51613847615559,-1.08263981527588,0.499954363502695,1,27,392
"Monitor","Wallace","WL04","2006",1,-0.570243918287034,0,1,0.62697366721301,-0.666245689674684,-0.632629844451773,0.927135240019808,1,27,393
"Monitor","Wallace","WL05","2006",1,-0.0383434549567269,0,1,-1.41906391095643,-0.666245689674684,-0.632629844451773,0.927135240019808,1,27,394
"Monitor","Wallace","WL06","2013",1,0.0299740357462483,0,1,0.893848133930763,-0.666245689674684,-0.632629844451773,0.927135240019808,1,27,395
"Monitor","Wallace","WL07","2006",1,0.127570451036213,0,1,0.893848133930763,-0.666245689674684,-0.632629844451773,0.927135240019808,1,27,396
"Monitor","Wallace","WL08","2006",1,0.210527404032683,0,1,-0.707398666375755,-0.228800873103629,-1.06013931673467,1.2311268944711,1,27,397
"Monitor","Wallace","WL09","2006",1,0.498436829138078,0,1,0.538015511640426,-0.216302449773027,-0.362623861957311,0.828469278545008,1,27,398
"Monitor","Wallace","WL10","2015",0,0.225166866326177,0,1,0.404578278281549,-1.01620154293153,-0.812633832781414,0.688538729955414,1,27,399
"Monitor","Wallace","WL11","2015",0,-0.204257360949667,0,1,-0.262607888512833,-0.941211002947918,-0.767632835699004,0.704977173042132,1,27,400
"Monitor","Wallace","WL12","2015",0,-0.179858257127176,0,1,0.0932247337775041,-0.941211002947918,-0.767632835699004,0.704977173042132,1,27,401
"Monitor","Wallace","WL13","2015",0,-0.238416106301154,0,1,1.2496807562211,-0.941211002947918,-0.767632835699004,0.704977173042132,1,27,402
"Toiyabe","Washington","WS01.1","2006",1,-0.916711192566408,0,1,0.582494589426718,-2.26604387599168,-1.12764081235829,-1.5528864952643,3,28,403
"Toiyabe","Washington","WS01.2","2006",1,-0.648321050519006,0,1,0.760410900571886,-1.01620154293153,-0.0701173809216437,-0.51578451868447,3,28,404
"Toiyabe","Washington","WS01.3","2006",1,-0.531205352171048,0,1,1.51655522293885,-1.01620154293153,-0.0701173809216437,-0.51578451868447,3,28,405
"Toiyabe","Washington","WS02.1","2006",1,-0.336012521591119,0,1,1.38311798957998,-1.01620154293153,-0.0701173809216437,-0.51578451868447,3,28,406
"Toiyabe","Washington","WS02.2","2006",1,-0.253055568594649,0,1,1.60551337851144,-1.01620154293153,-0.0701173809216437,-0.51578451868447,3,28,407
"Toiyabe","Washington","WS02.3","2006",1,-0.126180228717695,0,1,1.16072260064852,-1.01620154293153,-0.0701173809216437,-0.51578451868447,3,28,408
"Toiyabe","Washington","WS03.1","2006",1,0.0543731395687395,0,1,0.00426657820491977,-1.01620154293153,-0.0701173809216437,-0.51578451868447,3,28,409
"Toiyabe","Washington","WS03.2","2006",1,0.151969554858704,0,1,0.982806289503347,-1.01620154293153,-0.0701173809216437,-0.51578451868447,3,28,410
"Toiyabe","Washington","WS03.3","2013",1,0.361801847732128,0,1,0.849369056144471,1.5834705098336,2.742444936729,0.513802713809303,3,28,411
"Toiyabe","Washington","WS04.1","2006",1,0.596033244428043,0,1,0.0932247337775041,1.5834705098336,2.742444936729,0.513802713809303,3,28,412
"Toiyabe","Washington","WS04.2","2006",1,0.800985716536969,0,1,1.11624352286222,1.5834705098336,2.742444936729,0.513802713809303,3,28,413
"Toiyabe","Washington","WS04.3","2013",1,0.888822490297937,0,1,1.42759706736627,1.5834705098336,2.742444936729,0.513802713809303,3,28,414
"Toiyabe","Washington","WS05.1","2006",1,1.06449603781987,0,1,0.760410900571886,1.5834705098336,2.742444936729,0.513802713809303,3,28,415
"Toiyabe","Washington","WS05.2","2006",1,1.21577048151932,0,1,0.715931822785594,1.5834705098336,2.742444936729,0.513802713809303,3,28,416
"Toiyabe","Washington","WS05.3","2013",1,1.28896779298679,0,1,0.582494589426718,1.5834705098336,2.742444936729,0.513802713809303,3,28,417
