"range","area","pt","yr","occ","elev","burn","graze","hillshade","medwtpcp","medsppcp","medpropwtr"
"Monitor","Allison","AL14","2015",0,2285,0,1,225,117,55,0.733009708737864
"Monitor","Allison","AL15","2006",1,2325,0,1,230,133,60,0.733333333333333
"Monitor","Allison","AL16","2015",0,2394,0,1,223,133,60,0.733333333333333
"Monitor","Allison","AL17","2015",0,2487,0,1,214,133,60,0.733333333333333
"Monitor","Allison","AL18","2015",0,2397,0,1,179,133,60,0.733333333333333
"Monitor","Allison","AL19","2015",0,2280,0,1,211,112,52,0.73469387755102
"Monitor","Allison","AL20","2006",1,2227,0,1,206,112,52,0.73469387755102
"Monitor","Allison","AL21","2015",0,2209,0,1,201,112,52,0.73469387755102
"Monitor","Allison","AL22","2015",0,2179,0,1,203,112,52,0.73469387755102
"Toquima","Antone","AN01.1","2013",1,2403,0,1,216,176.5,92.5,0.717783052039381
"Toquima","Antone","AN01.2","2006",1,2425,0,1,204,176.5,92.5,0.717783052039381
"Toquima","Antone","AN01.3","2015",0,2450,0,1,204,176.5,92.5,0.717783052039381
"Toquima","Antone","AN02.1","2006",1,2486,0,1,202,176.5,92.5,0.717783052039381
"Toquima","Antone","AN02.2","2006",1,2518,0,1,208,176.5,92.5,0.717783052039381
"Toquima","Antone","AN03.1","2006",1,2604,0,1,193,176.5,92.5,0.717783052039381
"Toquima","Antone","AN03.2","2015",0,2658,0,1,188,224,122,0.710788343416617
"Toquima","Antone","AN04.1","2013",1,2735,0,1,158,224,122,0.710788343416617
"Shoshone","Barrett","BA01.1","2006",1,2156,0,1,210,112,60,0.724770642201835
"Shoshone","Barrett","BA01.2","2006",1,2180,0,1,219,112,60,0.724770642201835
"Shoshone","Barrett","BA02.1","2012",1,2263,0,1,219,112,60,0.724770642201835
"Shoshone","Barrett","BA02.2","2006",1,2282,0,1,199,112,60,0.724770642201835
"Shoshone","Barrett","BA03.1","2006",1,2364,0,1,209,157,80,0.730232558139535
"Shoshone","Barrett","BA03.2","2006",1,2395,0,1,205,157,80,0.730232558139535
"Shoshone","Barrett","BA04.1","2006",1,2455,0,1,233,157,80,0.730232558139535
"Shoshone","Barrett","BA04.2","2012",1,2468,0,1,179,157,80,0.730232558139535
"Shoshone","Barrett","BA05.1","2006",1,2518,0,1,196,157,80,0.730232558139535
"Shoshone","Barrett","BA05.2","2006",1,2554,0,1,196,157,80,0.730232558139535
"Shoshone","Barrett","BA06.1","2006",1,2640,0,1,155,142,73,0.726591760299625
"Shoshone","Barrett","BA06.2","2006",1,2679,0,1,153,142,73,0.726591760299625
"Shoshone","Becker","BE01.1","2006",1,2166,0,1,163,76,28,0.695652173913043
"Shoshone","Becker","BE01.2","2006",1,2188,0,1,197,76,28,0.695652173913043
"Shoshone","Becker","BE02.1","2006",1,2241,0,1,187,146,55,0.738219895287958
"Shoshone","Becker","BE02.2","2006",1,2248,0,1,228,146,55,0.738219895287958
"Shoshone","Becker","BE03.1","2013",0,2359,0,1,191,146,55,0.738219895287958
"Shoshone","Becker","BE03.2","2013",0,2373,0,1,154,146,55,0.738219895287958
"Toiyabe","Birch","BI01.1","2006",1,1966,0,1,197,105,60,0.720588235294118
"Toiyabe","Birch","BI01.2","2006",1,1991,0,1,229,105,60,0.720588235294118
"Toiyabe","Birch","BI02.1","2006",1,2058,0,1,216,236,100,0.726153846153846
"Toiyabe","Birch","BI02.2","2006",1,2105,0,1,111,236,100,0.726153846153846
"Toiyabe","Birch","BI03.1","2006",1,2122,0,1,252,236,100,0.726153846153846
"Toiyabe","Birch","BI03.2","2006",1,2153,0,1,227,214,100,0.727891156462585
"Toiyabe","Birch","BI03.3","2006",1,2158,0,1,221,202.5,96.5,0.729845961373055
"Toiyabe","Birch","BI04.1","2006",1,2211,0,1,234,214,100,0.727891156462585
"Toiyabe","Birch","BI04.2","2006",1,2231,0,1,239,214,100,0.727891156462585
"Toiyabe","Birch","BI04.3","2006",1,2324,0,1,208,214,100,0.727891156462585
"Toiyabe","Birch","BI05.1","2006",1,2376,0,1,243,202.5,96.5,0.729845961373055
"Toiyabe","Birch","BI05.2","2006",1,2410,0,1,191,202.5,96.5,0.729845961373055
"Toiyabe","Birch","BI06.1","2006",1,2484,0,1,197,202.5,96.5,0.729845961373055
"Toiyabe","Birch","BI06.2","2012",1,2524,0,1,214,202.5,96.5,0.729845961373055
"Toiyabe","Birch","BI07.1","2012",1,2555,0,1,237,177.5,87,0.729822784810127
"Toiyabe","Birch","BI07.2","2012",1,2586,0,1,185,177.5,87,0.729822784810127
"Toiyabe","Birch","BI0B1","2008",1,1900,1,1,206,132,60,0.720588235294118
"Toiyabe","Birch","BI0B2","2008",1,1920,1,1,205,132,60,0.720588235294118
"Toiyabe","Birch","BI0B3","2008",1,1929,1,1,208,132,60,0.720588235294118
"Toiyabe","Birch","BI0B4","2008",1,1960,1,1,227,132,60,0.720588235294118
"Toiyabe","Birch","BISG01","2011",1,1923,1,1,220,164,60,0.720588235294118
"Toiyabe","Birch","BISG02","2011",1,1919,1,1,234,164,60,0.720588235294118
"Toiyabe","Birch","BISG03","2011",1,1905,1,1,205,164,60,0.720588235294118
"Toiyabe","Birch","BISG04","2011",1,1904,1,1,188,164,60,0.720588235294118
"Toiyabe","Birch","BISG05","2011",1,1898,1,1,215,164,60,0.720588235294118
"Toiyabe","Birch","BISG06","2011",1,1894,1,1,206,164,60,0.720588235294118
"Toiyabe","Birch","BISG07","2011",1,1894,1,1,204,164,60,0.720588235294118
"Toiyabe","Birch","BISG08","2011",1,1886,1,1,206,164,60,0.720588235294118
"Monitor","Barley","BL01","2013",1,2249,0,1,214,110,36,0.735294117647059
"Monitor","Barley","BL02","2015",0,2240,0,1,247,110,36,0.735294117647059
"Monitor","Barley","BL03","2013",1,2225,0,1,210,110,36,0.735294117647059
"Monitor","Barley","BL04","2013",1,2241,0,1,214,165,55,0.744186046511628
"Monitor","Barley","BL05","2013",1,2245,0,1,218,165,55,0.744186046511628
"Monitor","Barley","BL06","2015",0,2256,0,1,215,165,55,0.744186046511628
"Monitor","Barley","BL07","2015",0,2258,0,1,217,165,55,0.744186046511628
"Monitor","Barley","BL08","2012",1,2275,0,1,221,165,55,0.744186046511628
"Monitor","Barley","BL09","2008",1,2283,0,1,220,165,55,0.744186046511628
"Monitor","Barley","BL10","2015",0,2309,0,1,209,165,55,0.744186046511628
"Monitor","Barley","BL11","2013",1,2318,0,1,205,165,55,0.744186046511628
"Monitor","Barley","BL12","2008",1,2345,0,1,229,216,69,0.756183745583039
"Monitor","Barley","BL13","2012",1,2359,0,1,178,216,69,0.756183745583039
"Monitor","Barley","BL14","2013",1,2376,0,1,222,216,69,0.756183745583039
"Monitor","Barley","BL15","2013",1,2389,0,1,246,216,69,0.756183745583039
"Monitor","Barley","BL16","2015",0,2398,0,1,190,215,64.5,0.776615858031372
"Monitor","Charnoc North","CBN01","2015",0,2422,0,1,212,127.5,50,0.74320987654321
"Monitor","Charnoc North","CBN02","2013",1,2457,0,1,245,127.5,50,0.74320987654321
"Monitor","Charnoc North","CBN04","2015",0,2425,0,1,226,127.5,50,0.74320987654321
"Monitor","Charnoc North","CBN05","2015",0,2413,0,1,231,127.5,50,0.74320987654321
"Monitor","Charnoc North","CBNSG01","2014",0,2446,0,1,225,165,60,0.733333333333333
"Monitor","Charnoc North","CBNSG02","2014",0,2446,0,1,212,165,60,0.733333333333333
"Monitor","Charnoc North","CBNSG03","2014",0,2446,0,1,220,165,60,0.733333333333333
"Monitor","Charnoc North","CBNSG04","2014",0,2446,0,1,212,165,60,0.733333333333333
"Monitor","Charnoc North","CBNSG05","2014",0,2446,0,1,211,165,60,0.733333333333333
"Monitor","Charnoc North","CBNSG06","2014",0,2446,0,1,209,165,60,0.733333333333333
"Monitor","Charnoc North","CBNSG07","2014",0,2445,0,1,209,165,60,0.733333333333333
"Monitor","Charnoc North","CBNSG08","2014",0,2446,0,1,197,165,60,0.733333333333333
"Monitor","Charnoc North","CBNSG09","2014",0,2446,0,1,226,165,60,0.733333333333333
"Monitor","Charnoc North","CBNSG10","2014",0,2446,0,1,230,165,60,0.733333333333333
"Monitor","Charnoc North","CBNSG11","2014",0,2445,0,1,223,165,60,0.733333333333333
"Monitor","Charnoc North","CBNSG12","2014",0,2445,0,1,219,165,60,0.733333333333333
"Monitor","Charnoc North","CBNSG13","2014",0,2446,0,1,231,165,60,0.733333333333333
"Monitor","Charnoc North","CBNSG14","2014",0,2446,0,1,235,165,60,0.733333333333333
"Monitor","Charnoc North","CBNSG15","2014",0,2446,0,1,231,165,60,0.733333333333333
"Monitor","Charnoc North","CBNSG16","2014",0,2447,0,1,233,165,60,0.733333333333333
"Monitor","Charnoc South","CBS01","2015",0,2341,0,1,202,124.5,49,0.743098115585085
"Monitor","Charnoc South","CBS02","2015",0,2339,0,1,201,124.5,49,0.743098115585085
"Monitor","Charnoc South","CBS03","2015",0,2328,0,1,208,124.5,49,0.743098115585085
"Monitor","Charnoc South","CBS04","2015",0,2330,0,1,211,124.5,49,0.743098115585085
"Monitor","Charnoc South","CBS05","2015",0,2336,0,1,190,124.5,49,0.743098115585085
"Monitor","Charnoc South","CBSSG01","2014",0,2414,0,1,202,162,59,0.733031674208145
"Monitor","Charnoc South","CBSSG02","2014",0,2414,0,1,191,162,59,0.733031674208145
"Monitor","Charnoc South","CBSSG03","2014",0,2414,0,1,194,162,59,0.733031674208145
"Monitor","Charnoc South","CBSSG04","2014",0,2414,0,1,193,162,59,0.733031674208145
"Monitor","Charnoc South","CBSSG05","2014",0,2386,0,1,197,162,59,0.733031674208145
"Monitor","Charnoc South","CBSSG06","2014",0,2388,0,1,191,162,59,0.733031674208145
"Monitor","Charnoc South","CBSSG07","2014",0,2391,0,1,197,162,59,0.733031674208145
"Monitor","Charnoc South","CBSSG08","2014",0,2392,0,1,193,162,59,0.733031674208145
"Monitor","Charnoc South","CBSSG09","2014",0,2393,0,1,201,162,59,0.733031674208145
"Monitor","Charnoc South","CBSSG10","2014",0,2393,0,1,217,162,59,0.733031674208145
"Monitor","Charnoc South","CBSSG11","2014",0,2394,0,1,196,162,59,0.733031674208145
"Monitor","Charnoc South","CBSSG12","2014",0,2395,0,1,215,162,59,0.733031674208145
"Monitor","Charnoc South","CBSSG13","2014",0,2396,0,1,211,162,59,0.733031674208145
"Monitor","Charnoc South","CBSSG14","2014",0,2396,0,1,205,162,59,0.733031674208145
"Monitor","Charnoc South","CBSSG15","2014",0,2397,0,1,208,162,59,0.733031674208145
"Monitor","Charnoc South","CBSSG16","2014",0,2397,0,1,205,162,59,0.733031674208145
"Monitor","Dobbin East","DE05.1","2015",0,2640,0,1,237,210,88.5,0.714548494983278
"Monitor","Dobbin East","DE05.2","2015",0,2614,0,1,220,175.5,78,0.704235090751945
"Monitor","Dobbin East","DE05.3","2013",1,2546,0,0,238,175.5,78,0.704235090751945
"Monitor","Dobbin East","DE06.1","2007",1,2486,0,0,233,175.5,78,0.704235090751945
"Monitor","Dobbin East","DE06.2","2015",0,2437,0,1,186,175.5,78,0.704235090751945
"Monitor","Dobbin East","DE06.3","2015",0,2375,0,1,237,175.5,78,0.704235090751945
"Monitor","Dobbin East","DE07.1","2015",0,2334,0,1,194,175.5,78,0.704235090751945
"Monitor","Dobbin East","DE07.2","2015",0,2279,0,1,221,175.5,78,0.704235090751945
"Monitor","Dobbin East","DE07.3","2015",0,2283,0,1,216,175.5,78,0.704235090751945
"Monitor","Dobbin West","DW01.1","2015",0,2258,0,1,216,94,50,0.683809523809524
"Monitor","Dobbin West","DW01.2","2007",1,2311,0,0,199,142,68.5,0.694080717488789
"Monitor","Dobbin West","DW02.1","2015",0,2356,0,1,216,142,68.5,0.694080717488789
"Monitor","Dobbin West","DW02.2","2015",0,2394,0,1,200,142,68.5,0.694080717488789
"Monitor","Dobbin West","DW03.1","2015",0,2416,0,1,235,142,68.5,0.694080717488789
"Monitor","Dobbin West","DW03.2","2015",0,2438,0,1,196,142,68.5,0.694080717488789
"Monitor","Dobbin West","DW03.3","2015",0,2480,0,1,226,210,88.5,0.714548494983278
"Monitor","Dobbin West","DW04.1","2015",0,2568,0,1,224,210,88.5,0.714548494983278
"Monitor","Dobbin West","DW04.2","2015",0,2611,0,1,221,210,88.5,0.714548494983278
"Monitor","Elkhorn","EH01","2012",1,2275,1,1,202,149,65,0.714912280701754
"Monitor","Elkhorn","EH02","2012",1,2318,1,1,215,149,65,0.714912280701754
"Monitor","Elkhorn","EH03","2011",1,2334,1,1,180,149,65,0.714912280701754
"Monitor","Elkhorn","EH04","2011",1,2351,1,1,240,149,65,0.714912280701754
"Monitor","Elkhorn","EHSG01","2013",1,2307,1,1,207,163,65,0.714912280701754
"Monitor","Elkhorn","EHSG02","2013",1,2302,1,1,202,163,65,0.714912280701754
"Monitor","Elkhorn","EHSG03","2011",1,2307,1,1,197,163,65,0.714912280701754
"Monitor","Elkhorn","EHSG04","2013",1,2297,1,1,199,163,65,0.714912280701754
"Monitor","Elkhorn","EHSG05","2013",1,2319,1,1,205,163,65,0.714912280701754
"Monitor","Elkhorn","EHSG06","2011",1,2304,1,1,202,163,65,0.714912280701754
"Monitor","Elkhorn","EHSG07","2013",1,2320,1,1,213,163,65,0.714912280701754
"Monitor","Elkhorn","EHSG08","2011",1,2305,1,1,215,163,65,0.714912280701754
"Monitor","Elkhorn","EHSG09","2013",1,2325,1,1,231,163,65,0.714912280701754
"Monitor","Elkhorn","EHSG10","2013",1,2314,1,1,242,163,65,0.714912280701754
"Toiyabe","Grass Springs","GS01","2008",1,2179,1,1,183,159.5,79,0.716134268276847
"Toiyabe","Grass Springs","GS02","2009",1,2134,1,1,184,159.5,79,0.716134268276847
"Toiyabe","Grass Springs","GS03","2009",1,2085,1,1,229,159.5,79,0.716134268276847
"Toiyabe","Grass Springs","GS04","2008",1,2079,1,1,220,159.5,79,0.716134268276847
"Toiyabe","Grass Springs","GS05","2006",1,2087,1,1,209,159.5,79,0.716134268276847
"Toiyabe","Grass Springs","GS06","2006",1,2108,1,1,205,159.5,79,0.716134268276847
"Toiyabe","Grass Springs","GS07","2006",1,2145,1,1,190,159.5,79,0.716134268276847
"Toiyabe","Grass Springs","GS08","2006",1,2129,1,1,160,159.5,79,0.716134268276847
"Toiyabe","Grass Springs","GS09","2006",1,2078,1,1,207,159.5,79,0.716134268276847
"Toiyabe","Grass Springs","GS10","2006",1,2062,1,1,206,159.5,79,0.716134268276847
"Toiyabe","Grass Springs","GSSG01","2011",1,2089,1,1,207,182,73,0.713725490196078
"Toiyabe","Grass Springs","GSSG02","2011",1,2091,1,1,202,182,73,0.713725490196078
"Toiyabe","Grass Springs","GSSG03","2011",1,2090,1,1,199,182,73,0.713725490196078
"Toiyabe","Grass Springs","GSSG04","2011",1,2095,1,1,204,182,73,0.713725490196078
"Toiyabe","Grass Springs","GSSG05","2011",1,2097,1,1,201,182,73,0.713725490196078
"Toiyabe","Grass Springs","GSSG06","2011",1,2099,1,1,203,182,73,0.713725490196078
"Toiyabe","Grass Springs","GSSG07","2011",1,2099,1,1,201,182,73,0.713725490196078
"Toiyabe","Grass Springs","GSSG08","2011",1,2104,1,1,200,182,73,0.713725490196078
"Toiyabe","Grass Springs","GSSG09","2011",1,2112,1,1,187,182,73,0.713725490196078
"Toiyabe","Grass Springs","GSSG10","2011",1,2109,1,1,204,182,73,0.713725490196078
"Toiyabe","Grass Springs","GSSG11","2011",1,2117,1,1,186,182,73,0.713725490196078
"Toiyabe","Grass Springs","GSSG12","2011",1,2110,1,1,196,182,73,0.713725490196078
"Shoshone","Underdown","High.Burned.M.1","2006",0,2349.1,1,0,157,239.005,107.95,0.704301660232132
"Shoshone","Underdown","High.Burned.M.2","2006",0,2345.7,1,0,201,239.005,107.95,0.704301660232132
"Shoshone","Underdown","High.Burned.M.3","2006",0,2346.4,1,0,180,239.005,107.95,0.704301660232132
"Shoshone","Underdown","High.Control.M.1","2001",1,2362.5,0,0,196,239.005,107.95,0.704301660232132
"Shoshone","Underdown","High.Control.M.2","2006",0,2355.3,0,0,186,239.005,107.95,0.704301660232132
"Shoshone","Underdown","High.Control.M.3","2006",0,2362.8,0,0,154,239.005,107.95,0.704301660232132
"Toiyabe","Jett","JE01.1","2006",1,1972,0,0,213,73,30,0.745762711864407
"Toiyabe","Jett","JE01.2","2006",1,1978,0,0,201,73,30,0.745762711864407
"Toiyabe","Jett","JE01.3","2006",1,2016,0,0,200,73,30,0.745762711864407
"Toiyabe","Jett","JE02.1","2012",1,2051,0,0,208,166,100,0.718274111675127
"Toiyabe","Jett","JE02.2","2013",1,2085,0,0,219,166,100,0.718274111675127
"Toiyabe","Jett","JE02.3","2006",1,2115,0,0,220,166,100,0.718274111675127
"Toiyabe","Jett","JE03.1","2006",1,2143,0,0,222,166,100,0.718274111675127
"Toiyabe","Jett","JE03.2","2006",1,2156,0,0,196,166,100,0.718274111675127
"Toiyabe","Jett","JE03.3","2013",1,2190,0,0,126,165,79,0.692028459416292
"Shoshone","Underdown","Low.Burned.M.1","2001",1,2092.9,0,0,158,106.805,56.515,0.63747088796765
"Shoshone","Underdown","Low.Burned.M.2","2003",1,2092.2,1,0,176,106.805,56.515,0.63747088796765
"Shoshone","Underdown","Low.Burned.M.3","2001",1,2085.7,0,0,183,106.805,56.515,0.63747088796765
"Shoshone","Underdown","Low.Control.M.1","2006",0,2065.5,0,0,187,106.805,56.515,0.63747088796765
"Shoshone","Underdown","Low.Control.M.2","2004",1,2060.9,0,0,187,106.805,56.515,0.63747088796765
"Shoshone","Underdown","Low.Control.M.3","2001",1,2062.5,0,0,188,106.805,56.515,0.63747088796765
"Toquima","Meadow","MD01.1","2015",0,2259,0,1,205,147,78,0.716294048430049
"Toquima","Meadow","MD01.2","2013",1,2273,0,1,204,147,78,0.716294048430049
"Toquima","Meadow","MD01.3","2015",0,2302,0,1,203,147,78,0.716294048430049
"Toquima","Meadow","MD02.1","2015",0,2342,0,1,186,147,78,0.716294048430049
"Toquima","Meadow","MD02.2","2015",0,2368,0,1,208,147,78,0.716294048430049
"Toquima","Meadow","MD02.3","2015",0,2384,0,1,201,176.5,92.5,0.717783052039381
"Toquima","Meadow","MD03.1","2015",0,2447,0,1,202,190,98.5,0.720469477578618
"Toquima","Meadow","MD03.2","2015",0,2495,0,1,200,190,98.5,0.720469477578618
"Toquima","Meadow","MD04.1","2015",0,2577,0,1,187,176.5,92.5,0.717783052039381
"Toquima","Meadow","MD04.2","2015",0,2619,0,1,169,190,98.5,0.720469477578618
"Toquima","Meadow","MD05.1","2015",0,2660,0,1,210,190,98.5,0.720469477578618
"Toquima","Meadow","MD05.2","2015",0,2674,0,1,209,180,96.5,0.714021263813795
"Toquima","Moores East","ME01.1","2012",1,2543,0,1,198,133,49,0.730769230769231
"Toquima","Moores East","ME01.2","2013",1,2509,0,1,205,133,49,0.730769230769231
"Toquima","Moores East","ME02.1","2015",0,2452,0,1,209,133,49,0.730769230769231
"Toquima","Moores East","ME02.2","2012",1,2432,0,1,193,133,49,0.730769230769231
"Toquima","Moores East","ME03.1","2015",0,2327,0,1,228,133,49,0.730769230769231
"Toquima","Moores East","ME03.2","2015",0,2303,0,1,194,133,49,0.730769230769231
"Toquima","Moores East","ME04.1","2012",1,2228,0,1,208,110,41,0.728476821192053
"Toquima","Moores East","ME04.2","2012",1,2196,0,1,222,110,41,0.728476821192053
"Shoshone","Underdown","Mid.Burned.E.1","2001",1,2234.2,0,0,198,169.17,81.91,0.678473507221412
"Shoshone","Underdown","Mid.Burned.E.2","2001",1,2239.7,0,0,200,169.17,81.91,0.678473507221412
"Shoshone","Underdown","Mid.Burned.E.3","2003",1,2236.9,1,0,195,169.17,81.91,0.678473507221412
"Shoshone","Underdown","Mid.Burned.L.1","2001",1,2215.5,0,0,193,169.17,81.91,0.678473507221412
"Shoshone","Underdown","Mid.Burned.L.2","2006",1,2215.5,1,0,206,169.17,81.91,0.678473507221412
"Shoshone","Underdown","Mid.Burned.L.3","2001",1,2223.4,0,0,188,169.17,81.91,0.678473507221412
"Shoshone","Underdown","Mid.Burned.M.1","2003",1,2228.7,1,0,196,169.17,81.91,0.678473507221412
"Shoshone","Underdown","Mid.Burned.M.2","2001",1,2234.9,0,0,200,169.17,81.91,0.678473507221412
"Shoshone","Underdown","Mid.Burned.M.3","2003",1,2232.5,1,0,198,169.17,81.91,0.678473507221412
"Shoshone","Underdown","Mid.Control.E.1","2006",0,2212.1,0,0,198,169.17,81.91,0.678473507221412
"Shoshone","Underdown","Mid.Control.E.2","2006",1,2206.8,0,0,196,169.17,81.91,0.678473507221412
"Shoshone","Underdown","Mid.Control.E.3","2001",1,2201.3,0,0,196,169.17,81.91,0.678473507221412
"Shoshone","Underdown","Mid.Control.L.1","2003",1,2191.7,0,0,203,169.17,81.91,0.678473507221412
"Shoshone","Underdown","Mid.Control.L.2","2006",0,2174.9,0,0,206,169.17,81.91,0.678473507221412
"Shoshone","Underdown","Mid.Control.L.3","2001",1,2179.2,0,0,200,169.17,81.91,0.678473507221412
"Shoshone","Underdown","Mid.Control.M.1","2001",1,2182.8,0,0,197,169.17,81.91,0.678473507221412
"Shoshone","Underdown","Mid.Control.M.2","2001",1,2206.1,0,0,202,169.17,81.91,0.678473507221412
"Shoshone","Underdown","Mid.Control.M.3","2001",1,2186.9,0,0,191,150.63,78.48,0.620887879812569
"Toquima","Moores West","MW01.1","2015",0,2092,0,0,220,93,34,0.732283464566929
"Toquima","Moores West","MW01.2","2015",0,2186,0,0,213,93,34,0.732283464566929
"Toquima","Moores West","MW02.1","2012",1,2222,0,1,224,93,34,0.732283464566929
"Toquima","Moores West","MW02.2","2012",1,2250,0,1,209,93,34,0.732283464566929
"Toquima","Moores West","MW03.1","2015",0,2348,0,0,202,93,34,0.732283464566929
"Toquima","Moores West","MW03.2","2015",0,2405,0,1,224,133,49,0.730769230769231
"Toquima","Moores West","MW04.1","2015",0,2384,0,1,224,133,49,0.730769230769231
"Toquima","Moores West","MW04.2","2015",0,2447,0,1,211,133,49,0.730769230769231
"Toquima","Moores West","MW05.1","2015",0,2473,0,1,232,133,49,0.730769230769231
"Toquima","Moores West","MW05.2","2013",1,2506,0,1,221,133,49,0.730769230769231
"Toquima","Northumberland East","NE01.1","2015",0,2276,0,0,207,153,56,0.732057416267943
"Toquima","Northumberland East","NE01.2","2012",1,2291,0,1,211,153,56,0.732057416267943
"Toquima","Northumberland East","NE02.1","2012",1,2358,0,1,235,147,54,0.73134328358209
"Toquima","Northumberland East","NE02.2","2012",1,2393,0,1,243,147,54,0.73134328358209
"Toquima","Northumberland East","NE03.1","2012",1,2474,0,1,212,201,70,0.74169741697417
"Toquima","Northumberland East","NE03.2","2015",0,2522,0,0,224,201,70,0.74169741697417
"Toquima","Northumberland East","NE04.1","2015",0,2589,0,0,236,201,70,0.74169741697417
"Toquima","Northumberland East","NE04.2","2015",0,2614,0,0,237,201,70,0.74169741697417
"Toquima","Northumberland East","NE05.1","2015",0,2670,0,0,250,201,70,0.74169741697417
"Toquima","Northumberland East","NE05.2","2015",0,2714,0,0,237,201,70,0.74169741697417
"Toquima","Northumberland West","NW01.1","2012",1,2126,0,1,188,93,35,0.7265625
"Toquima","Northumberland West","NW01.2","2013",1,2183,0,1,210,140,51,0.732984293193717
"Toquima","Northumberland West","NW02.1","2013",1,2217,0,1,209,140,51,0.732984293193717
"Toquima","Northumberland West","NW02.2","2015",0,2295,0,0,215,140,51,0.732984293193717
"Toquima","Northumberland West","NW03.1","2015",0,2337,0,0,195,172,61,0.738197424892704
"Toquima","Northumberland West","NW03.2","2015",0,2414,0,0,244,172,61,0.738197424892704
"Toquima","Northumberland West","NW04.1","2015",1,2446,0,0,242,172,61,0.738197424892704
"Toquima","Northumberland West","NW04.2","2013",1,2519,0,1,241,172,61,0.738197424892704
"Toquima","Northumberland West","NW05.1","2015",0,2550,0,0,195,172,61,0.738197424892704
"Toquima","Northumberland West","NW06.1","2012",1,2611,0,1,176,201,70,0.74169741697417
"Toquima","Northumberland West","NW06.2","2013",1,2687,0,1,235,201,70,0.74169741697417
"Toiyabe","Ophir","OP01.1","2006",1,1969,0,0,208,92,51,0.710227272727273
"Toiyabe","Ophir","OP01.2","2012",1,2033,0,0,161,92,51,0.710227272727273
"Toiyabe","Ophir","OP02.1","2006",1,2093,0,0,186,92,51,0.710227272727273
"Toiyabe","Ophir","OP02.2","2006",1,2167,0,0,157,92,51,0.710227272727273
"Toiyabe","Ophir","OP03.1","2012",1,2248,0,0,212,92,51,0.710227272727273
"Toiyabe","Ophir","OP03.2","2006",1,2278,0,0,193,92,51,0.710227272727273
"Toiyabe","Ophir","OP04.1","2012",1,2368,0,0,192,203,99,0.738007380073801
"Toiyabe","Ophir","OP05.1","2006",1,2415,0,0,217,203,99,0.738007380073801
"Toiyabe","Ophir","OP05.2","2014",0,2477,0,0,177,227.5,107,0.727978049011259
"Toiyabe","Ophir","OP06.1","2012",1,2558,0,0,192,201.5,85,0.727978049011259
"Toiyabe","Ophir","OP06.2","2006",1,2626,0,0,191,203,99,0.738007380073801
"Toiyabe","Ophir","OP07.1","2014",0,2688,0,0,135,203,99,0.738007380073801
"Toiyabe","Ophir","OP08.1","2014",0,2822,0,0,170,203,99,0.738007380073801
"Toiyabe","Ophir","OP09.1","2014",0,2888,0,0,155,203,99,0.738007380073801
"Toiyabe","Ophir","OP09.2","2014",0,2981,0,0,124,206,102,0.736462093862816
"Shoshone","Riley","RI01.1","2006",1,2065,0,1,217,94,57,0.709124634129739
"Shoshone","Riley","RI01.2","2006",1,2115,0,1,182,94,57,0.709124634129739
"Shoshone","Riley","RI02.1","2006",1,2147,0,1,200,94,57,0.709124634129739
"Shoshone","Riley","RI02.2","2006",1,2182,0,1,203,94,57,0.709124634129739
"Shoshone","Riley","RI03.1","2006",1,2259,0,1,221,94,57,0.709124634129739
"Shoshone","Riley","RI03.2","2015",0,2305,0,1,225,94,57,0.709124634129739
"Shoshone","Riley","RI04.1","2012",1,2368,0,1,208,125,73,0.721988165680473
"Shoshone","Riley","RI04.2","2012",1,2412,0,1,224,125,73,0.721988165680473
"Shoshone","Riley","RI05.1","2006",1,2483,0,1,210,198,100,0.733132379073139
"Shoshone","Riley","RI05.2","2014",1,2545,0,1,204,125,73,0.721988165680473
"Monitor","Ryegrass","RY01","2015",0,2144,0,1,214,99,47,0.729885057471264
"Monitor","Ryegrass","RY02","2015",0,2186,0,1,215,99,47,0.729885057471264
"Monitor","Ryegrass","RY03","2015",0,2235,0,1,214,135,61,0.730088495575221
"Monitor","Ryegrass","RY04","2015",0,2283,0,1,211,114,54,0.732673267326733
"Monitor","Ryegrass","RY05","2006",1,2337,0,1,197,135,61,0.730088495575221
"Monitor","Ryegrass","RY06","2015",0,2399,0,1,214,114,54,0.732673267326733
"Monitor","Ryegrass","RY07","2015",0,2412,0,1,221,115,55,0.730392156862745
"Toiyabe","San Juan","SJ01.1","2006",1,2104,0,1,176,64,47,0.686798590403904
"Toiyabe","San Juan","SJ01.2","2006",1,2117,0,1,152,89.5,57,0.707335014712064
"Toiyabe","San Juan","SJ01.3","2006",1,2160,0,1,237,89.5,57,0.707335014712064
"Toiyabe","San Juan","SJ02.1","2006",1,2220,0,1,236,89.5,57,0.707335014712064
"Toiyabe","San Juan","SJ02.2","2006",1,2230,0,1,192,89.5,57,0.707335014712064
"Toiyabe","San Juan","SJ02.3","2006",1,2289,0,1,196,141,79,0.717560217560218
"Toiyabe","San Juan","SJ03.1","2012",1,2338,0,1,238,141,79,0.717560217560218
"Toiyabe","San Juan","SJ03.2","2006",1,2384,0,1,238,141,79,0.717560217560218
"Toiyabe","San Juan","SJ04.1","2006",1,2401,0,1,194,141,79,0.717560217560218
"Toiyabe","San Juan","SJ04.2","2006",1,2446,0,1,244,141,79,0.717560217560218
"Toiyabe","San Juan","SJ05.1","2012",1,2504,0,1,216,141,79,0.717560217560218
"Toiyabe","San Juan","SJ05.2","2012",1,2553,0,1,190,140,56,0.717171717171717
"Toiyabe","Summit","SU01.1","2006",1,1989,0,0,176,92,54.5,0.706808551617874
"Toiyabe","Summit","SU01.2","2012",1,2072,0,0,149,92,54.5,0.706808551617874
"Toiyabe","Summit","SU02.1","2012",1,2125,0,0,193,92,54.5,0.706808551617874
"Toiyabe","Summit","SU02.2","2006",1,2146,0,0,190,92,54.5,0.706808551617874
"Toiyabe","Summit","SU03.1","2013",1,2280,0,0,214,92,54.5,0.706808551617874
"Toiyabe","Summit","SU03.2","2012",1,2311,0,0,211,92,54.5,0.706808551617874
"Toiyabe","Summit","SU04.1","2006",1,2350,0,0,156,92,54.5,0.706808551617874
"Toiyabe","Summit","SU04.2","2015",0,2409,0,0,138,201.5,107,0.727978049011259
"Toiyabe","Summit","SU05.1","2006",1,2468,0,0,247,198,104,0.730739893211289
"Toiyabe","Summit","SU05.2","2006",1,2523,0,0,223,198,104,0.730739893211289
"Toiyabe","Summit","SU06.1","2012",1,2575,0,0,151,198,104,0.730739893211289
"Toiyabe","Summit","SU06.2","2013",1,2587,0,0,127,198,104,0.730739893211289
"Toiyabe","Stewart","SW00.1","2014",1,2605,0,0,148,160.5,90,0.714001770338778
"Toiyabe","Stewart","SW01.1","2015",0,2635,0,0,170,160.5,90,0.714001770338778
"Toiyabe","Stewart","SW01.2","2015",0,2667,0,0,200,160.5,90,0.714001770338778
"Toiyabe","Stewart","SW02.1","2015",0,2731,0,0,204,238.5,134,0.706870426491241
"Toiyabe","Stewart","SW02.2","2015",0,2795,0,0,238,238.5,134,0.706870426491241
"Toiyabe","Stewart","SW03.1","2015",0,2854,0,0,159,238.5,134,0.706870426491241
"Toiyabe","Stewart","SW03.2","2013",1,2897,0,0,199,238.5,134,0.706870426491241
"Toiyabe","Stewart","SW04.1","2015",0,2950,0,0,242,238.5,134,0.706870426491241
"Toiyabe","Stewart","SW05.1","2015",0,3017,0,0,244,238.5,134,0.706870426491241
"Toiyabe","Stewart","SW05.2","2013",1,3067,0,0,250,238.5,134,0.706870426491241
"Toiyabe","Stewart","SW06.1","2013",1,3162,0,0,242,235,135,0.703159862509799
"Toiyabe","Stewart","SW06.2","2015",0,3219,0,0,205,235,135,0.703159862509799
"Shoshone","Underdown","UN01.1","2006",1,2027,0,1,219,70,48,0.679268292682927
"Shoshone","Underdown","UN01.2","2015",0,2062,0,1,187,70,48,0.679268292682927
"Shoshone","Underdown","UN02.1","2006",1,2114,0,1,195,70,48,0.679268292682927
"Shoshone","Underdown","UN02.2","2006",1,2147,1,1,220,152,81.5,0.721988165680473
"Shoshone","Underdown","UN03.1","2006",1,2207,1,1,213,152,81.5,0.721988165680473
"Shoshone","Underdown","UN03.2","2006",1,2246,1,1,210,152,81.5,0.721988165680473
"Shoshone","Underdown","UN04.1","2012",1,2296,0,1,208,125,73,0.721988165680473
"Shoshone","Underdown","UN04.2","2006",1,2365,0,1,209,198,100,0.733132379073139
"Shoshone","Underdown","UN05.1","2015",0,2424,0,1,202,198,100,0.733132379073139
"Shoshone","Underdown","UN05.2","2015",0,2506,0,1,196,198,100,0.733132379073139
"Shoshone","Underdown","UN06.1","2015",0,2569,0,1,192,198,100,0.733132379073139
"Shoshone","Underdown","UN06.2","2015",0,2591,0,1,188,198,100,0.733132379073139
"Shoshone","Underdown","UN07.1","2015",1,2634,0,1,190,198,100,0.733132379073139
"Shoshone","Underdown","UN07.2","2006",1,2657,0,1,219,198,100,0.733132379073139
"Shoshone","Underdown","UN0B1","2006",1,2083,1,1,183,104,60,0.68780487804878
"Shoshone","Underdown","UN0B2","2008",1,2129,1,1,191,175,85,0.728
"Shoshone","Underdown","UN0B3","2008",1,2135,1,1,188,175,85,0.728
"Shoshone","Underdown","UN0B4","2006",1,2137,1,1,206,175,85,0.728
"Shoshone","Underdown","UN0B5","2006",1,2231,1,1,198,175,85,0.728
"Shoshone","Underdown","UN0B6","2008",1,2245,1,1,193,175,85,0.728
"Shoshone","Underdown","UN0B7","2008",1,2259,1,1,203,175,85,0.728
"Toiyabe","Wall","WA01.1","2006",1,1938,0,1,174,66.5,30,0.714699792960662
"Toiyabe","Wall","WA01.2","2012",1,1984,0,1,204,103,59.5,0.692444444444444
"Toiyabe","Wall","WA02.1","2013",1,2037,0,1,207,103,59.5,0.692444444444444
"Toiyabe","Wall","WA02.2","2015",0,2087,0,1,228,108.5,63.5,0.68984962406015
"Toiyabe","Wall","WA03.1","2006",1,2151,1,1,202,109,67,0.695488721804511
"Toiyabe","Wall","WA03.2","2006",1,2201,1,1,231,119.5,74,0.68984962406015
"Toiyabe","Wall","WA04.1","2006",1,2260,0,1,222,148,89,0.669260700389105
"Toiyabe","Wall","WA04.2","2006",1,2303,1,1,199,148,102,0.694623655913978
"Toiyabe","Wall","WA05.1","2006",1,2356,1,1,193,160,95.5,0.681942178151542
"Toiyabe","Wall","WA05.2","2006",1,2414,1,1,223,148,102,0.694623655913978
"Toiyabe","Wall","WA06.1","2006",1,2405,1,1,237,160,95.5,0.681942178151542
"Toiyabe","Wall","WA0B1","2006",1,2174,1,1,214,133,81,0.695488721804511
"Toiyabe","Wall","WA0B2","2006",1,2212,1,1,172,183,102,0.694623655913978
"Toiyabe","Wall","WA0B3","2006",1,2227,1,1,228,183,102,0.694623655913978
"Toiyabe","Wall","WA0B4","2006",1,2263,1,1,236,183,102,0.694623655913978
"Toiyabe","Wall","WA0B5","2006",1,2267,1,1,216,183,102,0.694623655913978
"Toiyabe","Wall","WA0B6","2006",1,2321,1,1,190,183,102,0.694623655913978
"Toiyabe","Wall","WA0B7","2006",1,2372,1,1,197,183,102,0.694623655913978
"Toiyabe","Wall","WASG01","2011",1,2191,1,1,202,130,60,0.706395348837209
"Toiyabe","Wall","WASG02","2011",1,2203,1,1,221,130,60,0.706395348837209
"Toiyabe","Wall","WASG03","2011",1,2192,1,1,203,130,60,0.706395348837209
"Toiyabe","Wall","WASG04","2011",1,2198,1,1,159,130,60,0.706395348837209
"Toiyabe","Wall","WASG05","2011",1,2207,1,1,202,130,60,0.706395348837209
"Toiyabe","Wall","WASG06","2011",1,2206,1,1,212,130,60,0.706395348837209
"Toiyabe","Wall","WASG07","2011",1,2208,1,1,171,130,60,0.706395348837209
"Toiyabe","Wall","WASG08","2011",1,2214,1,1,169,130,60,0.706395348837209
"Toiyabe","Wall","WASG09","2011",1,2243,1,1,211,172,85,0.694623655913978
"Toiyabe","Wall","WASG10","2011",1,2265,1,1,192,172,85,0.694623655913978
"Toiyabe","Wall","WASG11","2011",1,2254,1,1,212,172,85,0.694623655913978
"Toiyabe","Wall","WASG12","2011",1,2268,1,1,175,172,85,0.694623655913978
"Monitor","White Sage","WH08","2015",0,2320,0,1,234,115,55,0.730392156862745
"Monitor","White Sage","WH09","2015",0,2253,0,1,234,115,55,0.730392156862745
"Monitor","White Sage","WH10","2015",0,2205,0,1,210,100,49,0.73224043715847
"Monitor","White Sage","WH11","2015",0,2177,0,1,207,100,49,0.73224043715847
"Monitor","White Sage","WH12","2014",0,2163,0,1,209,117,40,0.739071038251366
"Monitor","White Sage","WH13","2014",0,2117,0,1,211,107.5,37,0.737779199317661
"Monitor","Wallace","WL01","2006",1,2134,0,1,212,94,48,0.728813559322034
"Monitor","Wallace","WL02","2006",1,2155,0,1,235,94,48,0.728813559322034
"Monitor","Wallace","WL03","2015",0,2164,0,1,224,94,48,0.728813559322034
"Monitor","Wallace","WL04","2006",1,2204,0,1,220,128,58,0.737556561085973
"Monitor","Wallace","WL05","2006",1,2313,0,1,174,128,58,0.737556561085973
"Monitor","Wallace","WL06","2013",1,2327,0,1,226,128,58,0.737556561085973
"Monitor","Wallace","WL07","2006",1,2347,0,1,226,128,58,0.737556561085973
"Monitor","Wallace","WL08","2006",1,2364,0,1,190,145.5,48.5,0.743778280542986
"Monitor","Wallace","WL09","2006",1,2423,0,1,218,146,64,0.735537190082645
"Monitor","Wallace","WL10","2015",0,2367,0,1,215,114,54,0.732673267326733
"Monitor","Wallace","WL11","2015",0,2279,0,1,200,117,55,0.733009708737864
"Monitor","Wallace","WL12","2015",0,2284,0,1,208,117,55,0.733009708737864
"Monitor","Wallace","WL13","2015",0,2272,0,1,234,117,55,0.733009708737864
"Toiyabe","Washington","WS01.1","2006",1,2133,0,1,219,64,47,0.686798590403904
"Toiyabe","Washington","WS01.2","2006",1,2188,0,1,223,114,70.5,0.708024691358025
"Toiyabe","Washington","WS01.3","2006",1,2212,0,1,240,114,70.5,0.708024691358025
"Toiyabe","Washington","WS02.1","2006",1,2252,0,1,237,114,70.5,0.708024691358025
"Toiyabe","Washington","WS02.2","2006",1,2269,0,1,242,114,70.5,0.708024691358025
"Toiyabe","Washington","WS02.3","2006",1,2295,0,1,232,114,70.5,0.708024691358025
"Toiyabe","Washington","WS03.1","2006",1,2332,0,1,206,114,70.5,0.708024691358025
"Toiyabe","Washington","WS03.2","2006",1,2352,0,1,228,114,70.5,0.708024691358025
"Toiyabe","Washington","WS03.3","2013",1,2395,0,1,225,218,133,0.729096989966555
"Toiyabe","Washington","WS04.1","2006",1,2443,0,1,208,218,133,0.729096989966555
"Toiyabe","Washington","WS04.2","2006",1,2485,0,1,231,218,133,0.729096989966555
"Toiyabe","Washington","WS04.3","2013",1,2503,0,1,238,218,133,0.729096989966555
"Toiyabe","Washington","WS05.1","2006",1,2539,0,1,223,218,133,0.729096989966555
"Toiyabe","Washington","WS05.2","2006",1,2570,0,1,222,218,133,0.729096989966555
"Toiyabe","Washington","WS05.3","2013",1,2585,0,1,219,218,133,0.729096989966555
