"range","area","pt","brte","nsamp","elev","pgraze","tburn","tburn2","pgrassf","sppr","wtpr","propwtr","hillshade","medwtpcp","medsppcp","medpropwtr","range_id","area_id","point_id","obs_id"
"Shoshone","Underdown","Low.Burned.M.1",3,30,-0.576706855149865,-2.63827469006023,-1.65333088058188,2.73350300068566,0.824800895754286,-0.342379546522406,-1.03251472633304,-0.91680354955477,-2.62540887777469,-2.4723101214833,-1.50302762227186,-3.61159745206386,2,4,49,1
"Shoshone","Underdown","Low.Burned.M.2",1,30,-0.582145287031922,-2.63827469006023,-1.65333088058188,2.73350300068566,0.317113442894362,-0.342379546522406,-1.03251472633304,-0.91680354955477,-1.57554636251149,-2.4723101214833,-1.50302762227186,-3.61159745206386,2,4,50,2
"Shoshone","Underdown","Low.Burned.M.3",3,30,-0.632645011651,-2.63827469006023,-1.65333088058188,2.73350300068566,0.444035306109342,-0.342379546522406,-1.03251472633304,-0.91680354955477,-1.16726649546468,-2.4723101214833,-1.50302762227186,-3.61159745206386,2,4,51,3
"Shoshone","Underdown","Mid.Burned.E.1",16,30,0.521079466184848,-2.63827469006023,-1.65333088058188,2.73350300068566,1.84017580147414,0.739969384889648,-0.304741734500422,-0.933083798662298,-0.292381066078677,0.534905517669694,0.36889246147272,-1.46192767812672,2,4,52,4
"Shoshone","Underdown","Mid.Burned.E.2",2,30,0.563810002400991,-2.63827469006023,-1.65333088058188,2.73350300068566,1.20556648539923,0.739969384889648,-0.304741734500422,-0.933083798662298,-0.175729675493877,0.534905517669694,0.36889246147272,-1.46192767812672,2,4,53,5
"Shoshone","Underdown","Mid.Burned.E.3",4,30,0.542056274872775,-2.63827469006023,-1.65333088058188,2.73350300068566,2.0940195279041,0.739969384889648,-0.304741734500422,-0.933083798662298,-0.467358151955878,0.534905517669694,0.36889246147272,-1.46192767812672,2,4,54,6
"Shoshone","Underdown","Mid.Burned.L.1",3,30,0.375795643049965,-2.63827469006023,-1.65333088058188,2.73350300068566,1.07864462218425,0.739969384889648,-0.304741734500422,-0.933083798662298,-0.584009542540679,0.534905517669694,0.36889246147272,-1.46192767812672,2,4,55,7
"Shoshone","Underdown","Mid.Burned.L.2",0,30,0.375795643049965,-2.63827469006023,-1.65333088058188,2.73350300068566,-1.3328707789004,0.739969384889648,-0.304741734500422,-0.933083798662298,0.174224496260526,0.534905517669694,0.36889246147272,-1.46192767812672,2,4,56,8
"Shoshone","Underdown","Mid.Burned.L.3",1,30,0.437172231433152,-2.63827469006023,-1.65333088058188,2.73350300068566,-0.190574009965566,0.739969384889648,-0.304741734500422,-0.933083798662298,-0.875638019002681,0.534905517669694,0.36889246147272,-1.46192767812672,2,4,57,9
"Shoshone","Underdown","Mid.Burned.M.1",1,30,0.478348929968706,-2.63827469006023,-1.65333088058188,2.73350300068566,0.0632697164643984,0.739969384889648,-0.304741734500422,-0.933083798662298,-0.409032456663478,0.534905517669694,0.36889246147272,-1.46192767812672,2,4,58,10
"Shoshone","Underdown","Mid.Burned.M.2",5,30,0.526517898066905,-2.63827469006023,-1.65333088058188,2.73350300068566,1.71325393825915,0.739969384889648,-0.304741734500422,-0.933083798662298,-0.175729675493877,0.534905517669694,0.36889246147272,-1.46192767812672,2,4,59,11
"Shoshone","Underdown","Mid.Burned.M.3",1,30,0.50787184589986,-2.63827469006023,-1.65333088058188,2.73350300068566,0.0632697164643984,0.739969384889648,-0.304741734500422,-0.933083798662298,-0.292381066078677,0.534905517669694,0.36889246147272,-1.46192767812672,2,4,60,12
"Shoshone","Underdown","Low.Burned.M.1",2,30,-0.576706855149865,-2.63827469006023,-1.3862477263451,1.92168275879696,1.07864462218425,-1.02919862541124,-1.39122301855584,-0.62731334000992,-2.62540887777469,-2.4723101214833,-1.50302762227186,-3.61159745206386,2,4,49,13
"Shoshone","Underdown","Low.Burned.M.2",3,30,-0.582145287031922,-2.63827469006023,-1.3862477263451,1.92168275879696,0.951722758969266,-1.02919862541124,-1.39122301855584,-0.62731334000992,-1.57554636251149,-2.4723101214833,-1.50302762227186,-3.61159745206386,2,4,50,14
"Shoshone","Underdown","Low.Burned.M.3",5,30,-0.632645011651,-2.63827469006023,-1.3862477263451,1.92168275879696,0.824800895754286,-1.02919862541124,-1.39122301855584,-0.62731334000992,-1.16726649546468,-2.4723101214833,-1.50302762227186,-3.61159745206386,2,4,51,15
"Shoshone","Underdown","Mid.Burned.E.1",23,30,0.521079466184848,-2.63827469006023,-1.3862477263451,1.92168275879696,2.34786325433406,-0.324113081658341,-0.601984076387334,-0.295202825769887,-0.292381066078677,0.534905517669694,0.36889246147272,-1.46192767812672,2,4,52,16
"Shoshone","Underdown","Mid.Burned.E.2",5,30,0.563810002400991,-2.63827469006023,-1.3862477263451,1.92168275879696,1.96709766468912,-0.324113081658341,-0.601984076387334,-0.295202825769887,-0.175729675493877,0.534905517669694,0.36889246147272,-1.46192767812672,2,4,53,17
"Shoshone","Underdown","Mid.Burned.E.3",9,30,0.542056274872775,-2.63827469006023,-1.3862477263451,1.92168275879696,2.22094139111908,-0.324113081658341,-0.601984076387334,-0.295202825769887,-0.467358151955878,0.534905517669694,0.36889246147272,-1.46192767812672,2,4,54,18
"Shoshone","Underdown","Mid.Burned.L.1",7,30,0.375795643049965,-2.63827469006023,-1.3862477263451,1.92168275879696,1.71325393825915,-0.324113081658341,-0.601984076387334,-0.295202825769887,-0.584009542540679,0.534905517669694,0.36889246147272,-1.46192767812672,2,4,55,19
"Shoshone","Underdown","Mid.Burned.L.2",0,30,0.375795643049965,-2.63827469006023,-1.3862477263451,1.92168275879696,-0.82518332604047,-0.324113081658341,-0.601984076387334,-0.295202825769887,0.174224496260526,0.534905517669694,0.36889246147272,-1.46192767812672,2,4,56,20
"Shoshone","Underdown","Mid.Burned.L.3",1,30,0.437172231433152,-2.63827469006023,-1.3862477263451,1.92168275879696,0.444035306109342,-0.324113081658341,-0.601984076387334,-0.295202825769887,-0.875638019002681,0.534905517669694,0.36889246147272,-1.46192767812672,2,4,57,21
"Shoshone","Underdown","Mid.Burned.M.1",7,30,0.478348929968706,-2.63827469006023,-1.3862477263451,1.92168275879696,0.317113442894362,-0.324113081658341,-0.601984076387334,-0.295202825769887,-0.409032456663478,0.534905517669694,0.36889246147272,-1.46192767812672,2,4,58,22
"Shoshone","Underdown","Mid.Burned.M.2",8,30,0.526517898066905,-2.63827469006023,-1.3862477263451,1.92168275879696,1.84017580147414,-0.324113081658341,-0.601984076387334,-0.295202825769887,-0.175729675493877,0.534905517669694,0.36889246147272,-1.46192767812672,2,4,59,23
"Shoshone","Underdown","Mid.Burned.M.3",2,30,0.50787184589986,-2.63827469006023,-1.3862477263451,1.92168275879696,0.824800895754286,-0.324113081658341,-0.601984076387334,-0.295202825769887,-0.292381066078677,0.534905517669694,0.36889246147272,-1.46192767812672,2,4,60,24
"Shoshone","Underdown","UN02.2",11,31,-0.156393762551082,0.565539673868771,-0.584998263634757,0.34222296845568,-0.00925706251559089,-0.165316613773405,0.870374256932137,0.781041067030958,0.990784230354131,-0.29302509283711,0.338670479415808,0.819442334694072,2,4,61,25
"Shoshone","Underdown","UN03.1",6,31,0.309757541625018,0.565539673868771,-0.584998263634757,0.34222296845568,1.25996156963422,-0.165316613773405,0.870374256932137,0.781041067030958,0.582504363307328,-0.29302509283711,0.338670479415808,0.819442334694072,2,4,62,26
"Shoshone","Underdown","UN03.2",13,31,0.612755889339483,0.565539673868771,-1.3862477263451,1.92168275879696,1.25996156963422,-0.165316613773405,0.870374256932137,0.781041067030958,0.407527277430127,-0.29302509283711,0.338670479415808,0.819442334694072,2,4,63,27
"Shoshone","Underdown","Low.Burned.M.1",2,30,-0.576706855149865,-2.63827469006023,-0.852081417871538,0.726042742681971,0.697879032539306,-0.688955273209929,-0.431170603900285,0.344742287542648,-2.62540887777469,-2.4723101214833,-1.50302762227186,-3.61159745206386,2,4,49,28
"Shoshone","Underdown","Low.Burned.M.2",12,30,-0.582145287031922,-2.63827469006023,-0.852081417871538,0.726042742681971,1.45941021182919,-0.688955273209929,-0.431170603900285,0.344742287542648,-1.57554636251149,-2.4723101214833,-1.50302762227186,-3.61159745206386,2,4,50,29
"Shoshone","Underdown","Low.Burned.M.3",21,30,-0.632645011651,-2.63827469006023,-0.852081417871538,0.726042742681971,0.317113442894362,-0.688955273209929,-0.431170603900285,0.344742287542648,-1.16726649546468,-2.4723101214833,-1.50302762227186,-3.61159745206386,2,4,51,30
"Shoshone","Underdown","Mid.Burned.E.1",24,30,0.521079466184848,-2.63827469006023,-0.852081417871538,0.726042742681971,1.20556648539923,-0.157035816368362,0.870239758134903,0.773773825508446,-0.292381066078677,0.534905517669694,0.36889246147272,-1.46192767812672,2,4,52,31
"Shoshone","Underdown","Mid.Burned.E.2",12,30,0.563810002400991,-2.63827469006023,-0.852081417871538,0.726042742681971,1.45941021182919,-0.157035816368362,0.870239758134903,0.773773825508446,-0.175729675493877,0.534905517669694,0.36889246147272,-1.46192767812672,2,4,53,32
"Shoshone","Underdown","Mid.Burned.E.3",13,30,0.542056274872775,-2.63827469006023,-0.852081417871538,0.726042742681971,1.58633207504417,-0.157035816368362,0.870239758134903,0.773773825508446,-0.467358151955878,0.534905517669694,0.36889246147272,-1.46192767812672,2,4,54,33
"Shoshone","Underdown","Mid.Burned.L.1",10,30,0.375795643049965,-2.63827469006023,-0.852081417871538,0.726042742681971,1.58633207504417,-0.157035816368362,0.870239758134903,0.773773825508446,-0.584009542540679,0.534905517669694,0.36889246147272,-1.46192767812672,2,4,55,34
"Shoshone","Underdown","Mid.Burned.L.2",2,30,0.375795643049965,-2.63827469006023,-0.852081417871538,0.726042742681971,0.824800895754286,-0.157035816368362,0.870239758134903,0.773773825508446,0.174224496260526,0.534905517669694,0.36889246147272,-1.46192767812672,2,4,56,35
"Shoshone","Underdown","Mid.Burned.L.3",12,30,0.437172231433152,-2.63827469006023,-0.852081417871538,0.726042742681971,1.45941021182919,-0.157035816368362,0.870239758134903,0.773773825508446,-0.875638019002681,0.534905517669694,0.36889246147272,-1.46192767812672,2,4,57,36
"Shoshone","Underdown","Mid.Burned.M.1",15,30,0.478348929968706,-2.63827469006023,-0.852081417871538,0.726042742681971,1.33248834861421,-0.157035816368362,0.870239758134903,0.773773825508446,-0.409032456663478,0.534905517669694,0.36889246147272,-1.46192767812672,2,4,58,37
"Shoshone","Underdown","Mid.Burned.M.2",8,30,0.526517898066905,-2.63827469006023,-0.852081417871538,0.726042742681971,1.33248834861421,-0.157035816368362,0.870239758134903,0.773773825508446,-0.175729675493877,0.534905517669694,0.36889246147272,-1.46192767812672,2,4,59,38
"Shoshone","Underdown","Mid.Burned.M.3",14,30,0.50787184589986,-2.63827469006023,-0.852081417871538,0.726042742681971,1.58633207504417,-0.157035816368362,0.870239758134903,0.773773825508446,-0.292381066078677,0.534905517669694,0.36889246147272,-1.46192767812672,2,4,60,39
"Toiyabe","Birch","BI0B1",13,31,-2.07538329807603,0.565539673868771,-1.3862477263451,1.92168275879696,0.353376832384355,-1.11517278670478,-0.555312993747172,0.82495178116068,0.174224496260526,-1.25741718428359,-1.24614077478811,0.74604731525547,3,1,1,40
"Toiyabe","Birch","BI0B2",10,31,-1.91999953001733,0.565539673868771,-1.3862477263451,1.92168275879696,1.25996156963422,-1.11517278670478,-0.555312993747172,0.82495178116068,0.115898800968125,-1.25741718428359,-1.24614077478811,0.74604731525547,3,1,2,41
"Toiyabe","Birch","BI0B3",18,31,-1.85007683439091,0.565539673868771,-1.3862477263451,1.92168275879696,0.53469377983433,-1.11517278670478,-0.555312993747172,0.82495178116068,0.290875886845326,-1.25741718428359,-1.24614077478811,0.74604731525547,3,1,3,42
"Toiyabe","Birch","BI0B4",17,31,-1.60923199389993,0.565539673868771,-1.3862477263451,1.92168275879696,0.172059884934384,-1.11517278670478,-0.555312993747172,0.82495178116068,1.39906409740093,-1.25741718428359,-1.24614077478811,0.74604731525547,3,1,4,43
"Toiyabe","Grass Springs","GS01",15,31,0.0922202663428376,-0.502398446372958,-1.11916457210832,1.2525293394624,-0.371890957415537,-0.920330494821417,-0.17871636149226,0.881481695846372,-1.16726649546468,0.0686219414553209,0.154390101020004,0.512536421429782,3,3,27,44
"Toiyabe","Grass Springs","GS02",0,31,-0.257393211789237,-0.502398446372958,-1.11916457210832,1.2525293394624,1.62259546453417,-0.920330494821417,-0.17871636149226,0.881481695846372,-1.10894080017228,0.0686219414553209,0.154390101020004,0.512536421429782,3,3,28,45
"Toiyabe","Grass Springs","GS03",0,31,-0.638083443533053,-0.502398446372958,-1.11916457210832,1.2525293394624,-0.734524852315486,-0.920330494821417,-0.17871636149226,0.881481695846372,1.51571548798573,0.0686219414553209,0.154390101020004,0.512536421429782,3,3,29,46
"Toiyabe","Grass Springs","GS04",2,31,-0.684698573950663,-0.502398446372958,-1.11916457210832,1.2525293394624,-0.734524852315486,-0.920330494821417,-0.17871636149226,0.881481695846372,0.990784230354131,0.0686219414553209,0.154390101020004,0.512536421429782,3,3,30,47
"Toiyabe","Grass Springs","GS05",7,31,-0.622545066727183,-0.502398446372958,-1.11916457210832,1.2525293394624,0.353376832384355,-0.920330494821417,-0.17871636149226,0.881481695846372,0.349201582137727,0.0686219414553209,0.154390101020004,0.512536421429782,3,3,31,48
"Toiyabe","Grass Springs","GS06",9,31,-0.459392110265548,-0.502398446372958,-1.11916457210832,1.2525293394624,0.7160107272843,-0.920330494821417,-0.17871636149226,0.881481695846372,0.115898800968125,0.0686219414553209,0.154390101020004,0.512536421429782,3,3,32,49
"Toiyabe","Grass Springs","GS07",24,31,-0.171932139356952,-0.502398446372958,-1.11916457210832,1.2525293394624,-0.553207904865511,-0.920330494821417,-0.17871636149226,0.881481695846372,-0.75898662841788,0.0686219414553209,0.154390101020004,0.512536421429782,3,3,33,50
"Toiyabe","Grass Springs","GS08",18,31,-0.296239153803912,-0.502398446372958,-1.11916457210832,1.2525293394624,0.172059884934384,-0.920330494821417,-0.17871636149226,0.881481695846372,-2.50875748718989,0.0686219414553209,0.154390101020004,0.512536421429782,3,3,34,51
"Toiyabe","Grass Springs","GS09",24,31,-0.692467762353598,-0.502398446372958,-1.11916457210832,1.2525293394624,-1.2784756946654,-0.920330494821417,-0.17871636149226,0.881481695846372,0.232550191552926,0.0686219414553209,0.154390101020004,0.512536421429782,3,3,35,52
"Toiyabe","Grass Springs","GS10",5,31,-0.816774776800558,-0.502398446372958,-1.11916457210832,1.2525293394624,-0.190574009965566,-0.920330494821417,-0.17871636149226,0.881481695846372,0.174224496260526,0.0686219414553209,0.154390101020004,0.512536421429782,3,3,36,53
"Shoshone","Underdown","UN0B1",16,31,-0.653621820338923,0.565539673868771,-0.852081417871538,0.726042742681971,0.7160107272843,-1.26130450561729,-0.931909626002084,0.645344762949529,-1.16726649546468,-2.60756611230867,-1.24614077478811,-0.972706106869388,2,4,64,54
"Shoshone","Underdown","UN0B2",8,31,-0.296239153803912,0.565539673868771,-0.852081417871538,0.726042742681971,1.4412785170842,-0.847264635365158,0.0230318343585853,0.94317475449377,-0.70066093312548,0.816025812326344,0.596663009169934,1.13462850469514,2,4,65,55
"Shoshone","Underdown","UN0B3",15,31,-0.249624023386302,0.565539673868771,-0.852081417871538,0.726042742681971,-0.371890957415537,-0.847264635365158,0.0230318343585853,0.94317475449377,-0.875638019002681,0.816025812326344,0.596663009169934,1.13462850469514,2,4,66,56
"Shoshone","Underdown","UN0B4",18,31,-0.234085646580432,0.565539673868771,-0.852081417871538,0.726042742681971,0.172059884934384,-0.847264635365158,0.0230318343585853,0.94317475449377,0.174224496260526,0.816025812326344,0.596663009169934,1.13462850469514,2,4,67,57
"Shoshone","Underdown","UN0B5",14,31,0.496218063295458,0.565539673868771,-0.852081417871538,0.726042742681971,1.62259546453417,-0.847264635365158,0.0230318343585853,0.94317475449377,-0.292381066078677,0.816025812326344,0.596663009169934,1.13462850469514,2,4,68,58
"Shoshone","Underdown","UN0B6",2,31,0.604986700936548,0.565539673868771,-0.852081417871538,0.726042742681971,1.62259546453417,-0.847264635365158,0.0230318343585853,0.94317475449377,-0.584009542540679,0.816025812326344,0.596663009169934,1.13462850469514,2,4,69,59
"Shoshone","Underdown","UN0B7",1,31,0.713755338577638,0.565539673868771,-0.852081417871538,0.726042742681971,1.25996156963422,-0.847264635365158,0.0230318343585853,0.94317475449377,-0.000752589616675449,0.816025812326344,0.596663009169934,1.13462850469514,2,4,70,60
"Toiyabe","Wall","WA0B1",27,31,0.0533743243281626,0.565539673868771,0.216251199075588,0.0467645811016294,-1.45979264211538,-1.09081750021936,-0.541863114023782,0.800038549602359,0.640830058599729,-1.20919757971127,0.301814403736648,-0.569860460177314,3,5,77,61
"Toiyabe","Wall","WA0B2",30,31,0.348603483639693,0.565539673868771,0.216251199075588,0.0467645811016294,-0.734524852315486,-0.67677762996722,0.130630872145703,0.818618505084278,-1.80884914368109,1.20178264890494,1.8497695822614,-0.61521380665096,3,5,78,62
"Toiyabe","Wall","WA0B3",27,31,0.465141309683718,0.565539673868771,0.216251199075588,0.0467645811016294,-1.45979264211538,-0.67677762996722,0.130630872145703,0.818618505084278,1.45738979269333,1.20178264890494,1.8497695822614,-0.61521380665096,3,5,79,63
"Toiyabe","Wall","WA0B4",25,30,0.744832092189378,0.565539673868771,0.216251199075588,0.0467645811016294,-0.553207904865511,-0.67677762996722,0.130630872145703,0.818618505084278,1.92399535503254,1.20178264890494,1.8497695822614,-0.61521380665096,3,5,80,64
"Toiyabe","Wall","WA0B5",24,31,0.775908845801118,0.565539673868771,0.216251199075588,0.0467645811016294,-1.2784756946654,-0.67677762996722,0.130630872145703,0.818618505084278,0.757481449184529,1.20178264890494,1.8497695822614,-0.61521380665096,3,5,81,65
"Toiyabe","Wall","WA0B6",25,31,1.19544501955961,0.565539673868771,0.216251199075588,0.0467645811016294,-0.915841799765457,-0.67677762996722,0.130630872145703,0.818618505084278,-0.75898662841788,1.20178264890494,1.8497695822614,-0.61521380665096,3,5,82,66
"Toiyabe","Wall","WA0B7",27,31,1.59167362810929,0.565539673868771,0.216251199075588,0.0467645811016294,-1.45979264211538,-0.67677762996722,0.130630872145703,0.818618505084278,-0.350706761371078,1.20178264890494,1.8497695822614,-0.61521380665096,3,5,83,67
"Toiyabe","Birch","BI0B1",27,31,-2.07538329807603,-0.235413917113479,-1.11916457210832,1.2525293394624,0.172059884934384,0.857605418614225,-0.555312993747172,-1.32764806295722,0.174224496260526,-1.25741718428359,-1.24614077478811,0.74604731525547,3,1,1,68
"Toiyabe","Birch","BI0B2",22,31,-1.91999953001733,-0.235413917113479,-1.11916457210832,1.2525293394624,1.62259546453417,0.857605418614225,-0.555312993747172,-1.32764806295722,0.115898800968125,-1.25741718428359,-1.24614077478811,0.74604731525547,3,1,2,69
"Toiyabe","Birch","BI0B3",26,31,-1.85007683439091,-0.235413917113479,-1.11916457210832,1.2525293394624,-0.371890957415537,0.857605418614225,-0.555312993747172,-1.32764806295722,0.290875886845326,-1.25741718428359,-1.24614077478811,0.74604731525547,3,1,3,70
"Toiyabe","Birch","BI0B4",11,23,-1.60923199389993,-0.235413917113479,-1.11916457210832,1.2525293394624,0.00469039498056234,0.857605418614225,-0.555312993747172,-1.32764806295722,1.39906409740093,-1.25741718428359,-1.24614077478811,0.74604731525547,3,1,4,71
"Toiyabe","Grass Springs","GS01",20,31,0.0922202663428376,-0.235413917113479,-0.852081417871538,0.726042742681971,0.172059884934384,1.12551356995384,-0.19216624121565,-1.08910072376401,-1.16726649546468,0.0686219414553209,0.154390101020004,0.512536421429782,3,3,27,72
"Toiyabe","Grass Springs","GS02",8,31,-0.257393211789237,-0.235413917113479,-0.852081417871538,0.726042742681971,0.897327674734275,1.12551356995384,-0.19216624121565,-1.08910072376401,-1.10894080017228,0.0686219414553209,0.154390101020004,0.512536421429782,3,3,28,73
"Toiyabe","Grass Springs","GS03",1,31,-0.638083443533053,-0.235413917113479,-0.852081417871538,0.726042742681971,-0.190574009965566,1.12551356995384,-0.19216624121565,-1.08910072376401,1.51571548798573,0.0686219414553209,0.154390101020004,0.512536421429782,3,3,29,74
"Toiyabe","Grass Springs","GS04",5,31,-0.684698573950663,-0.235413917113479,-0.852081417871538,0.726042742681971,-0.734524852315486,1.12551356995384,-0.19216624121565,-1.08910072376401,0.990784230354131,0.0686219414553209,0.154390101020004,0.512536421429782,3,3,30,75
"Toiyabe","Grass Springs","GS05",13,31,-0.622545066727183,-0.235413917113479,-0.852081417871538,0.726042742681971,0.353376832384355,1.12551356995384,-0.19216624121565,-1.08910072376401,0.349201582137727,0.0686219414553209,0.154390101020004,0.512536421429782,3,3,31,76
"Toiyabe","Grass Springs","GS06",18,31,-0.459392110265548,-0.235413917113479,-0.852081417871538,0.726042742681971,0.353376832384355,1.12551356995384,-0.19216624121565,-1.08910072376401,0.115898800968125,0.0686219414553209,0.154390101020004,0.512536421429782,3,3,32,77
"Toiyabe","Grass Springs","GS07",28,31,-0.171932139356952,-0.235413917113479,-0.852081417871538,0.726042742681971,-1.09715874721543,1.12551356995384,-0.19216624121565,-1.08910072376401,-0.75898662841788,0.0686219414553209,0.154390101020004,0.512536421429782,3,3,33,78
"Toiyabe","Grass Springs","GS08",22,31,-0.296239153803912,-0.235413917113479,-0.852081417871538,0.726042742681971,0.353376832384355,1.12551356995384,-0.19216624121565,-1.08910072376401,-2.50875748718989,0.0686219414553209,0.154390101020004,0.512536421429782,3,3,34,79
"Toiyabe","Grass Springs","GS09",30,31,-0.692467762353598,-0.235413917113479,-0.852081417871538,0.726042742681971,-1.09715874721543,1.12551356995384,-0.19216624121565,-1.08910072376401,0.232550191552926,0.0686219414553209,0.154390101020004,0.512536421429782,3,3,35,80
"Toiyabe","Grass Springs","GS10",11,31,-0.816774776800558,-0.235413917113479,-0.852081417871538,0.726042742681971,0.353376832384355,1.12551356995384,-0.19216624121565,-1.08910072376401,0.174224496260526,0.0686219414553209,0.154390101020004,0.512536421429782,3,3,36,81
"Shoshone","Underdown","UN02.2",16,31,-0.156393762551082,0.565539673868771,0.216251199075588,0.0467645811016294,1.07864462218425,1.71004044560392,0.0230318343585853,-1.23821657601816,0.990784230354131,-0.29302509283711,0.338670479415808,0.819442334694072,2,4,61,82
"Shoshone","Underdown","UN03.1",16,31,0.309757541625018,0.565539673868771,0.216251199075588,0.0467645811016294,1.07864462218425,1.71004044560392,0.0230318343585853,-1.23821657601816,0.582504363307328,-0.29302509283711,0.338670479415808,0.819442334694072,2,4,62,83
"Shoshone","Underdown","UN03.2",18,31,0.612755889339483,0.565539673868771,-0.584998263634757,0.34222296845568,0.7160107272843,1.71004044560392,0.0230318343585853,-1.23821657601816,0.407527277430127,-0.29302509283711,0.338670479415808,0.819442334694072,2,4,63,84
"Shoshone","Underdown","UN0B1",18,31,-0.653621820338923,0.565539673868771,-0.584998263634757,0.34222296845568,-0.371890957415537,0.273078542964151,-1.02605878406581,-1.55646346707575,-1.16726649546468,-2.60756611230867,-1.24614077478811,-0.972706106869388,2,4,64,85
"Shoshone","Underdown","UN0B2",17,31,-0.296239153803912,0.565539673868771,-0.584998263634757,0.34222296845568,-0.734524852315486,1.71004044560392,0.0230318343585853,-1.23821657601816,-0.70066093312548,0.816025812326344,0.596663009169934,1.13462850469514,2,4,65,86
"Shoshone","Underdown","UN0B3",22,31,-0.249624023386302,0.565539673868771,-0.584998263634757,0.34222296845568,-0.371890957415537,1.71004044560392,0.0230318343585853,-1.23821657601816,-0.875638019002681,0.816025812326344,0.596663009169934,1.13462850469514,2,4,66,87
"Shoshone","Underdown","UN0B4",23,31,-0.234085646580432,0.565539673868771,-0.584998263634757,0.34222296845568,0.172059884934384,1.71004044560392,0.0230318343585853,-1.23821657601816,0.174224496260526,0.816025812326344,0.596663009169934,1.13462850469514,2,4,67,88
"Shoshone","Underdown","UN0B5",23,31,0.496218063295458,0.565539673868771,-0.584998263634757,0.34222296845568,1.25996156963422,1.71004044560392,0.0230318343585853,-1.23821657601816,-0.292381066078677,0.816025812326344,0.596663009169934,1.13462850469514,2,4,68,89
"Shoshone","Underdown","UN0B6",1,31,0.604986700936548,0.565539673868771,-0.584998263634757,0.34222296845568,1.4412785170842,1.71004044560392,0.0230318343585853,-1.23821657601816,-0.584009542540679,0.816025812326344,0.596663009169934,1.13462850469514,2,4,69,90
"Shoshone","Underdown","UN0B7",3,31,0.713755338577638,0.565539673868771,-0.584998263634757,0.34222296845568,0.53469377983433,1.71004044560392,0.0230318343585853,-1.23821657601816,-0.000752589616675449,0.816025812326344,0.596663009169934,1.13462850469514,2,4,70,91
"Toiyabe","Wall","WA03.2",24,31,0.263142411207408,0.565539673868771,0.483334353312369,0.233612097091886,1.25996156963422,1.05244771049758,-0.474613715406834,-1.36624110744441,1.63236687857053,-1.86016224143764,-0.214170655771604,-0.865504938358246,3,5,72,92
"Toiyabe","Wall","WA04.2",17,31,1.05559962830678,0.565539673868771,0.483334353312369,0.233612097091886,0.53469377983433,2.22150146179773,0.224780030209431,-1.33014604247401,-0.234055370786277,-0.485903511126406,1.8497695822614,-0.61521380665096,3,5,73,93
"Toiyabe","Wall","WA05.1",29,31,1.46736661366233,0.565539673868771,0.483334353312369,0.233612097091886,0.53469377983433,2.22150146179773,0.224780030209431,-1.33014604247401,-0.584009542540679,0.0927317437414829,1.37064059843231,-1.28007351393084,3,5,74,94
"Toiyabe","Wall","WA05.2",22,31,1.91797954103256,0.565539673868771,0.483334353312369,0.233612097091886,0.172059884934384,2.22150146179773,0.224780030209431,-1.33014604247401,1.16576131623133,-0.485903511126406,1.8497695822614,-0.61521380665096,3,5,75,95
"Toiyabe","Wall","WA06.1",25,31,1.84805684540615,0.565539673868771,0.483334353312369,0.233612097091886,-0.553207904865511,2.22150146179773,0.224780030209431,-1.33014604247401,1.98232105032494,0.0927317437414829,1.37064059843231,-1.28007351393084,3,5,76,96
"Toiyabe","Wall","WA0B1",29,31,0.0533743243281626,0.565539673868771,0.483334353312369,0.233612097091886,-1.2784756946654,1.05244771049758,-0.474613715406834,-1.36624110744441,0.640830058599729,-1.20919757971127,0.301814403736648,-0.569860460177314,3,5,77,97
"Toiyabe","Wall","WA0B2",29,31,0.348603483639693,0.565539673868771,0.483334353312369,0.233612097091886,-1.09715874721543,2.22150146179773,0.224780030209431,-1.33014604247401,-1.80884914368109,1.20178264890494,1.8497695822614,-0.61521380665096,3,5,78,98
"Toiyabe","Wall","WA0B3",26,31,0.465141309683718,0.565539673868771,0.483334353312369,0.233612097091886,-1.2784756946654,2.22150146179773,0.224780030209431,-1.33014604247401,1.45738979269333,1.20178264890494,1.8497695822614,-0.61521380665096,3,5,79,99
"Toiyabe","Wall","WA0B4",21,31,0.744832092189378,0.565539673868771,0.483334353312369,0.233612097091886,-1.2784756946654,2.22150146179773,0.224780030209431,-1.33014604247401,1.92399535503254,1.20178264890494,1.8497695822614,-0.61521380665096,3,5,80,100
"Toiyabe","Wall","WA0B5",28,31,0.775908845801118,0.565539673868771,0.483334353312369,0.233612097091886,0.172059884934384,2.22150146179773,0.224780030209431,-1.33014604247401,0.757481449184529,1.20178264890494,1.8497695822614,-0.61521380665096,3,5,81,101
"Toiyabe","Wall","WA0B6",22,31,1.19544501955961,0.565539673868771,0.483334353312369,0.233612097091886,-1.45979264211538,2.22150146179773,0.224780030209431,-1.33014604247401,-0.75898662841788,1.20178264890494,1.8497695822614,-0.61521380665096,3,5,82,102
"Toiyabe","Wall","WA0B7",28,31,1.59167362810929,0.565539673868771,0.483334353312369,0.233612097091886,-0.734524852315486,2.22150146179773,0.224780030209431,-1.33014604247401,-0.350706761371078,1.20178264890494,1.8497695822614,-0.61521380665096,3,5,83,103
"Toiyabe","Birch","BI0B1",30,31,-2.07538329807603,0.0315706121459994,-0.584998263634757,0.34222296845568,0.7160107272843,0.0538809645953732,0.830024617761968,0.571681055019611,0.174224496260526,-1.25741718428359,-1.24614077478811,0.74604731525547,3,1,1,104
"Toiyabe","Birch","BI0B2",29,31,-1.91999953001733,0.0315706121459994,-0.584998263634757,0.34222296845568,0.53469377983433,0.0538809645953732,0.830024617761968,0.571681055019611,0.115898800968125,-1.25741718428359,-1.24614077478811,0.74604731525547,3,1,2,105
"Toiyabe","Birch","BI0B3",29,31,-1.85007683439091,0.0315706121459994,-0.584998263634757,0.34222296845568,1.25996156963422,0.0538809645953732,0.830024617761968,0.571681055019611,0.290875886845326,-1.25741718428359,-1.24614077478811,0.74604731525547,3,1,3,106
"Toiyabe","Birch","BI0B4",17,31,-1.60923199389993,0.0315706121459994,-0.584998263634757,0.34222296845568,0.7160107272843,0.0538809645953732,0.830024617761968,0.571681055019611,1.39906409740093,-1.25741718428359,-1.24614077478811,0.74604731525547,3,1,4,107
"Toiyabe","Birch","BISG01",20,31,-1.89669196480852,0.0315706121459994,-0.584998263634757,0.34222296845568,0.897327674734275,0.0538809645953732,0.830024617761968,0.571681055019611,0.990784230354131,0.285610162030779,-1.24614077478811,0.74604731525547,3,1,5,108
"Toiyabe","Birch","BISG02",20,31,-1.92776871842026,0.0315706121459994,-0.584998263634757,0.34222296845568,0.353376832384355,0.0538809645953732,0.830024617761968,0.571681055019611,1.80734396444774,0.285610162030779,-1.24614077478811,0.74604731525547,3,1,6,109
"Toiyabe","Birch","BISG03",18,31,-2.03653735606135,0.0315706121459994,-0.584998263634757,0.34222296845568,1.25996156963422,0.0538809645953732,0.830024617761968,0.571681055019611,0.115898800968125,0.285610162030779,-1.24614077478811,0.74604731525547,3,1,7,110
"Toiyabe","Birch","BISG04",13,22,-2.04430654446429,0.0315706121459994,-0.584998263634757,0.34222296845568,1.63392777374979,0.0538809645953732,0.830024617761968,0.571681055019611,-0.875638019002681,0.285610162030779,-1.24614077478811,0.74604731525547,3,1,8,111
"Toiyabe","Birch","BISG05",21,31,-2.0909216748819,0.0315706121459994,-0.584998263634757,0.34222296845568,1.62259546453417,0.0538809645953732,0.830024617761968,0.571681055019611,0.699155753892129,0.285610162030779,-1.24614077478811,0.74604731525547,3,1,9,112
"Toiyabe","Birch","BISG06",20,31,-2.12199842849364,0.0315706121459994,-0.584998263634757,0.34222296845568,1.25996156963422,0.0538809645953732,0.830024617761968,0.571681055019611,0.174224496260526,0.285610162030779,-1.24614077478811,0.74604731525547,3,1,10,113
"Toiyabe","Birch","BISG07",20,31,-2.12199842849364,0.0315706121459994,-0.584998263634757,0.34222296845568,0.53469377983433,0.0538809645953732,0.830024617761968,0.571681055019611,0.0575731056757249,0.285610162030779,-1.24614077478811,0.74604731525547,3,1,11,114
"Toiyabe","Birch","BISG08",21,31,-2.18415193571712,0.0315706121459994,-0.584998263634757,0.34222296845568,-0.553207904865511,0.0538809645953732,0.830024617761968,0.571681055019611,0.174224496260526,0.285610162030779,-1.24614077478811,0.74604731525547,3,1,12,115
"Monitor","Elkhorn","EH01",0,31,0.838062353024598,0.565539673868771,-1.11916457210832,1.2525293394624,-1.2784756946654,1.12551356995384,1.90601499563314,0.396058969888678,-0.0590782849090758,-0.437683906554082,-0.877580017996498,0.448470520223652,1,2,13,116
"Monitor","Elkhorn","EH02",0,31,1.1721374543508,0.565539673868771,-1.11916457210832,1.2525293394624,-0.553207904865511,1.12551356995384,1.90601499563314,0.396058969888678,0.699155753892129,-0.437683906554082,-0.877580017996498,0.448470520223652,1,2,14,117
"Monitor","Elkhorn","EH03",3,31,1.29644446879776,0.565539673868771,-1.11916457210832,1.2525293394624,-1.45979264211538,1.12551356995384,1.90601499563314,0.396058969888678,-1.34224358134188,-0.437683906554082,-0.877580017996498,0.448470520223652,1,2,15,118
"Monitor","Elkhorn","EH04",2,31,1.42852067164766,0.565539673868771,-1.11916457210832,1.2525293394624,-1.45979264211538,1.12551356995384,1.90601499563314,0.396058969888678,2.15729813620214,-0.437683906554082,-0.877580017996498,0.448470520223652,1,2,16,119
"Monitor","Elkhorn","EHSG01",0,31,1.08667638191852,0.565539673868771,-1.11916457210832,1.2525293394624,-1.09715874721543,1.12551356995384,1.90601499563314,0.396058969888678,0.232550191552926,0.237390557458455,-0.877580017996498,0.448470520223652,1,2,17,120
"Monitor","Elkhorn","EHSG02",0,31,1.04783043990384,0.565539673868771,-1.11916457210832,1.2525293394624,1.98522935943412,1.12551356995384,1.90601499563314,0.396058969888678,-0.0590782849090758,0.237390557458455,-0.877580017996498,0.448470520223652,1,2,18,121
"Monitor","Elkhorn","EHSG03",3,31,1.08667638191852,0.565539673868771,-1.11916457210832,1.2525293394624,-1.2784756946654,1.12551356995384,1.90601499563314,0.396058969888678,-0.350706761371078,0.237390557458455,-0.877580017996498,0.448470520223652,1,2,19,122
"Monitor","Elkhorn","EHSG04",0,31,1.00898449788917,0.565539673868771,-1.11916457210832,1.2525293394624,-0.915841799765457,1.12551356995384,1.90601499563314,0.396058969888678,-0.234055370786277,0.237390557458455,-0.877580017996498,0.448470520223652,1,2,20,123
"Monitor","Elkhorn","EHSG05",0,31,1.17990664275374,0.565539673868771,-1.11916457210832,1.2525293394624,-1.45979264211538,1.12551356995384,1.90601499563314,0.396058969888678,0.115898800968125,0.237390557458455,-0.877580017996498,0.448470520223652,1,2,21,124
"Monitor","Elkhorn","EHSG06",1,31,1.06336881670971,0.565539673868771,-1.11916457210832,1.2525293394624,-1.2784756946654,1.12551356995384,1.90601499563314,0.396058969888678,-0.0590782849090758,0.237390557458455,-0.877580017996498,0.448470520223652,1,2,22,125
"Monitor","Elkhorn","EHSG07",0,30,1.18767583115667,0.565539673868771,-1.11916457210832,1.2525293394624,-1.45979264211538,1.12551356995384,1.90601499563314,0.396058969888678,0.582504363307328,0.237390557458455,-0.877580017996498,0.448470520223652,1,2,23,126
"Monitor","Elkhorn","EHSG08",1,31,1.07113800511265,0.565539673868771,-1.11916457210832,1.2525293394624,-1.45979264211538,1.12551356995384,1.90601499563314,0.396058969888678,0.699155753892129,0.237390557458455,-0.877580017996498,0.448470520223652,1,2,24,127
"Monitor","Elkhorn","EHSG09",0,31,1.22652177317135,0.565539673868771,-1.11916457210832,1.2525293394624,-1.45979264211538,1.12551356995384,1.90601499563314,0.396058969888678,1.63236687857053,0.237390557458455,-0.877580017996498,0.448470520223652,1,2,25,128
"Monitor","Elkhorn","EHSG10",0,31,1.14106070073906,0.565539673868771,-1.11916457210832,1.2525293394624,-1.45979264211538,1.12551356995384,1.90601499563314,0.396058969888678,2.27394952678694,0.237390557458455,-0.877580017996498,0.448470520223652,1,2,26,129
"Toiyabe","Grass Springs","GS01",31,31,0.0922202663428376,0.0315706121459994,-0.317915109397975,0.101070016783527,0.172059884934384,0.638407840245447,1.19317137029349,0.341385041807128,-1.16726649546468,0.0686219414553209,0.154390101020004,0.512536421429782,3,3,27,130
"Toiyabe","Grass Springs","GS02",20,31,-0.257393211789237,0.0315706121459994,-0.317915109397975,0.101070016783527,1.62259546453417,0.638407840245447,1.19317137029349,0.341385041807128,-1.10894080017228,0.0686219414553209,0.154390101020004,0.512536421429782,3,3,28,131
"Toiyabe","Grass Springs","GS03",27,31,-0.638083443533053,0.0315706121459994,-0.317915109397975,0.101070016783527,-0.00925706251559089,0.638407840245447,1.19317137029349,0.341385041807128,1.51571548798573,0.0686219414553209,0.154390101020004,0.512536421429782,3,3,29,132
"Toiyabe","Grass Springs","GS04",29,31,-0.684698573950663,0.0315706121459994,-0.317915109397975,0.101070016783527,-0.190574009965566,0.638407840245447,1.19317137029349,0.341385041807128,0.990784230354131,0.0686219414553209,0.154390101020004,0.512536421429782,3,3,30,133
"Toiyabe","Grass Springs","GS05",31,31,-0.622545066727183,0.0315706121459994,-0.317915109397975,0.101070016783527,1.07864462218425,0.638407840245447,1.19317137029349,0.341385041807128,0.349201582137727,0.0686219414553209,0.154390101020004,0.512536421429782,3,3,31,134
"Toiyabe","Grass Springs","GS06",31,31,-0.459392110265548,0.0315706121459994,-0.317915109397975,0.101070016783527,-0.00925706251559089,0.638407840245447,1.19317137029349,0.341385041807128,0.115898800968125,0.0686219414553209,0.154390101020004,0.512536421429782,3,3,32,135
"Toiyabe","Grass Springs","GS07",29,31,-0.171932139356952,0.0315706121459994,-0.317915109397975,0.101070016783527,-0.915841799765457,0.638407840245447,1.19317137029349,0.341385041807128,-0.75898662841788,0.0686219414553209,0.154390101020004,0.512536421429782,3,3,33,136
"Toiyabe","Grass Springs","GS08",27,31,-0.296239153803912,0.0315706121459994,-0.317915109397975,0.101070016783527,0.353376832384355,0.638407840245447,1.19317137029349,0.341385041807128,-2.50875748718989,0.0686219414553209,0.154390101020004,0.512536421429782,3,3,34,137
"Toiyabe","Grass Springs","GS09",30,31,-0.692467762353598,0.0315706121459994,-0.317915109397975,0.101070016783527,-0.553207904865511,0.638407840245447,1.19317137029349,0.341385041807128,0.232550191552926,0.0686219414553209,0.154390101020004,0.512536421429782,3,3,35,138
"Toiyabe","Grass Springs","GS10",28,31,-0.816774776800558,0.0315706121459994,-0.317915109397975,0.101070016783527,0.53469377983433,0.638407840245447,1.19317137029349,0.341385041807128,0.174224496260526,0.0686219414553209,0.154390101020004,0.512536421429782,3,3,36,139
"Toiyabe","Grass Springs","GSSG01",17,31,-0.607006689921313,0.0315706121459994,-0.317915109397975,0.101070016783527,1.62259546453417,0.638407840245447,1.19317137029349,0.341385041807128,0.232550191552926,1.15356304433261,-0.287882807129925,0.386249917626093,3,3,37,140
"Toiyabe","Grass Springs","GSSG02",31,31,-0.591468313115443,0.0315706121459994,-0.317915109397975,0.101070016783527,1.25996156963422,0.638407840245447,1.19317137029349,0.341385041807128,-0.0590782849090758,1.15356304433261,-0.287882807129925,0.386249917626093,3,3,38,141
"Toiyabe","Grass Springs","GSSG03",14,31,-0.599237501518378,0.0315706121459994,-0.317915109397975,0.101070016783527,1.80391241198414,0.638407840245447,1.19317137029349,0.341385041807128,-0.234055370786277,1.15356304433261,-0.287882807129925,0.386249917626093,3,3,39,142
"Toiyabe","Grass Springs","GSSG04",28,31,-0.560391559503703,0.0315706121459994,-0.317915109397975,0.101070016783527,1.98522935943412,0.638407840245447,1.19317137029349,0.341385041807128,0.0575731056757249,1.15356304433261,-0.287882807129925,0.386249917626093,3,3,40,143
"Toiyabe","Grass Springs","GSSG05",22,31,-0.544853182697833,0.0315706121459994,-0.317915109397975,0.101070016783527,2.16654630688409,0.638407840245447,1.19317137029349,0.341385041807128,-0.117403980201476,1.15356304433261,-0.287882807129925,0.386249917626093,3,3,41,144
"Toiyabe","Grass Springs","GSSG06",27,31,-0.529314805891963,0.0315706121459994,-0.317915109397975,0.101070016783527,0.353376832384355,0.638407840245447,1.19317137029349,0.341385041807128,-0.000752589616675449,1.15356304433261,-0.287882807129925,0.386249917626093,3,3,42,145
"Toiyabe","Grass Springs","GSSG07",30,31,-0.529314805891963,0.0315706121459994,-0.317915109397975,0.101070016783527,1.07864462218425,0.638407840245447,1.19317137029349,0.341385041807128,-0.117403980201476,1.15356304433261,-0.287882807129925,0.386249917626093,3,3,43,146
"Toiyabe","Grass Springs","GSSG08",31,31,-0.490468863877288,0.0315706121459994,-0.317915109397975,0.101070016783527,-0.190574009965566,0.638407840245447,1.19317137029349,0.341385041807128,-0.175729675493877,1.15356304433261,-0.287882807129925,0.386249917626093,3,3,44,147
"Toiyabe","Grass Springs","GSSG09",30,31,-0.428315356653808,0.0315706121459994,-0.317915109397975,0.101070016783527,0.53469377983433,0.638407840245447,1.19317137029349,0.341385041807128,-0.933963714295081,1.15356304433261,-0.287882807129925,0.386249917626093,3,3,45,148
"Toiyabe","Grass Springs","GSSG10",27,31,-0.451622921862613,0.0315706121459994,-0.317915109397975,0.101070016783527,0.7160107272843,0.638407840245447,1.19317137029349,0.341385041807128,0.0575731056757249,1.15356304433261,-0.287882807129925,0.386249917626093,3,3,46,149
"Toiyabe","Grass Springs","GSSG11",31,31,-0.389469414639132,0.0315706121459994,-0.317915109397975,0.101070016783527,-0.553207904865511,0.638407840245447,1.19317137029349,0.341385041807128,-0.992289409587482,1.15356304433261,-0.287882807129925,0.386249917626093,3,3,47,150
"Toiyabe","Grass Springs","GSSG12",30,31,-0.443853733459678,0.0315706121459994,-0.317915109397975,0.101070016783527,-0.734524852315486,0.638407840245447,1.19317137029349,0.341385041807128,-0.409032456663478,1.15356304433261,-0.287882807129925,0.386249917626093,3,3,48,151
"Shoshone","Underdown","UN02.2",27,31,-0.156393762551082,0.565539673868771,0.75041750754915,0.563126435636279,1.98522935943412,0.297433829449571,1.74461643895247,0.851856533829228,0.990784230354131,-0.29302509283711,0.338670479415808,0.819442334694072,2,4,61,152
"Shoshone","Underdown","UN03.1",28,31,0.309757541625018,0.565539673868771,0.75041750754915,0.563126435636279,0.897327674734275,0.297433829449571,1.74461643895247,0.851856533829228,0.582504363307328,-0.29302509283711,0.338670479415808,0.819442334694072,2,4,62,153
"Shoshone","Underdown","UN03.2",23,31,0.612755889339483,0.565539673868771,-0.0508319551611939,0.00258388766550963,0.53469377983433,0.297433829449571,1.74461643895247,0.851856533829228,0.407527277430127,-0.29302509283711,0.338670479415808,0.819442334694072,2,4,63,154
"Shoshone","Underdown","UN0B1",31,31,-0.653621820338923,0.565539673868771,-0.0508319551611939,0.00258388766550963,2.16654630688409,-0.774198775908899,0.224780030209431,0.995984012695943,-1.16726649546468,-2.60756611230867,-1.24614077478811,-0.972706106869388,2,4,64,155
"Shoshone","Underdown","UN0B2",30,31,-0.296239153803912,0.565539673868771,-0.0508319551611939,0.00258388766550963,1.62259546453417,0.297433829449571,1.74461643895247,0.851856533829228,-0.70066093312548,0.816025812326344,0.596663009169934,1.13462850469514,2,4,65,156
"Shoshone","Underdown","UN0B3",30,31,-0.249624023386302,0.565539673868771,-0.0508319551611939,0.00258388766550963,0.53469377983433,0.297433829449571,1.74461643895247,0.851856533829228,-0.875638019002681,0.816025812326344,0.596663009169934,1.13462850469514,2,4,66,157
"Shoshone","Underdown","UN0B4",31,31,-0.234085646580432,0.565539673868771,-0.0508319551611939,0.00258388766550963,-0.371890957415537,0.297433829449571,1.74461643895247,0.851856533829228,0.174224496260526,0.816025812326344,0.596663009169934,1.13462850469514,2,4,67,158
"Shoshone","Underdown","UN0B5",28,31,0.496218063295458,0.565539673868771,-0.0508319551611939,0.00258388766550963,-0.371890957415537,0.297433829449571,1.74461643895247,0.851856533829228,-0.292381066078677,0.816025812326344,0.596663009169934,1.13462850469514,2,4,68,159
"Shoshone","Underdown","UN0B6",29,31,0.604986700936548,0.565539673868771,-0.0508319551611939,0.00258388766550963,1.07864462218425,0.297433829449571,1.74461643895247,0.851856533829228,-0.584009542540679,0.816025812326344,0.596663009169934,1.13462850469514,2,4,69,160
"Shoshone","Underdown","UN0B7",27,31,0.713755338577638,0.565539673868771,-0.0508319551611939,0.00258388766550963,0.53469377983433,0.297433829449571,1.74461643895247,0.851856533829228,-0.000752589616675449,0.816025812326344,0.596663009169934,1.13462850469514,2,4,70,161
"Toiyabe","Wall","WA03.1",17,31,-0.125317008939342,0.565539673868771,1.01750066178593,1.03530759673481,-0.00925706251559089,0.224367969993312,0.937623655549085,0.498445624461378,-0.0590782849090758,-2.36646808944705,-0.730155715279855,-0.569860460177314,3,5,71,162
"Toiyabe","Wall","WA03.2",29,31,0.263142411207408,0.565539673868771,1.01750066178593,1.03530759673481,-0.371890957415537,0.224367969993312,0.937623655549085,0.498445624461378,1.63236687857053,-1.86016224143764,-0.214170655771604,-0.865504938358246,3,5,72,163
"Toiyabe","Wall","WA04.2",31,31,1.05559962830678,0.565539673868771,1.01750066178593,1.03530759673481,-0.915841799765457,1.22293471589552,2.01361403342026,0.389185159244843,-0.234055370786277,-0.485903511126406,1.8497695822614,-0.61521380665096,3,5,73,164
"Toiyabe","Wall","WA05.1",29,31,1.46736661366233,0.565539673868771,1.01750066178593,1.03530759673481,-0.190574009965566,1.22293471589552,2.01361403342026,0.389185159244843,-0.584009542540679,0.0927317437414829,1.37064059843231,-1.28007351393084,3,5,74,165
"Toiyabe","Wall","WA05.2",29,31,1.91797954103256,0.565539673868771,1.01750066178593,1.03530759673481,-0.734524852315486,1.22293471589552,2.01361403342026,0.389185159244843,1.16576131623133,-0.485903511126406,1.8497695822614,-0.61521380665096,3,5,75,166
"Toiyabe","Wall","WA06.1",22,31,1.84805684540615,0.565539673868771,1.01750066178593,1.03530759673481,-1.09715874721543,1.22293471589552,2.01361403342026,0.389185159244843,1.98232105032494,0.0927317437414829,1.37064059843231,-1.28007351393084,3,5,76,167
"Toiyabe","Wall","WA0B1",31,31,0.0533743243281626,0.565539673868771,1.01750066178593,1.03530759673481,-1.09715874721543,0.224367969993312,0.937623655549085,0.498445624461378,0.640830058599729,-1.20919757971127,0.301814403736648,-0.569860460177314,3,5,77,168
"Toiyabe","Wall","WA0B2",28,31,0.348603483639693,0.565539673868771,1.01750066178593,1.03530759673481,-0.734524852315486,1.22293471589552,2.01361403342026,0.389185159244843,-1.80884914368109,1.20178264890494,1.8497695822614,-0.61521380665096,3,5,78,169
"Toiyabe","Wall","WA0B3",28,31,0.465141309683718,0.565539673868771,1.01750066178593,1.03530759673481,-1.2784756946654,1.22293471589552,2.01361403342026,0.389185159244843,1.45738979269333,1.20178264890494,1.8497695822614,-0.61521380665096,3,5,79,170
"Toiyabe","Wall","WA0B4",27,31,0.744832092189378,0.565539673868771,1.01750066178593,1.03530759673481,-0.553207904865511,1.22293471589552,2.01361403342026,0.389185159244843,1.92399535503254,1.20178264890494,1.8497695822614,-0.61521380665096,3,5,80,171
"Toiyabe","Wall","WA0B5",26,31,0.775908845801118,0.565539673868771,1.01750066178593,1.03530759673481,-1.09715874721543,1.22293471589552,2.01361403342026,0.389185159244843,0.757481449184529,1.20178264890494,1.8497695822614,-0.61521380665096,3,5,81,172
"Toiyabe","Wall","WA0B6",27,31,1.19544501955961,0.565539673868771,1.01750066178593,1.03530759673481,-1.09715874721543,1.22293471589552,2.01361403342026,0.389185159244843,-0.75898662841788,1.20178264890494,1.8497695822614,-0.61521380665096,3,5,82,173
"Toiyabe","Wall","WA0B7",22,31,1.59167362810929,0.565539673868771,1.01750066178593,1.03530759673481,-0.915841799765457,1.22293471589552,2.01361403342026,0.389185159244843,-0.350706761371078,1.20178264890494,1.8497695822614,-0.61521380665096,3,5,83,174
"Toiyabe","Wall","WASG01",29,31,0.185450527178058,0.565539673868771,1.01750066178593,1.03530759673481,-0.371890957415537,0.224367969993312,0.937623655549085,0.498445624461378,-0.0590782849090758,-1.35385639342824,-1.24614077478811,0.00194804607184024,3,5,84,175
"Toiyabe","Wall","WASG02",31,31,0.278680788013278,0.565539673868771,1.01750066178593,1.03530759673481,-0.190574009965566,0.224367969993312,0.937623655549085,0.498445624461378,1.04910992564653,-1.35385639342824,-1.24614077478811,0.00194804607184024,3,5,85,176
"Toiyabe","Wall","WASG03",29,31,0.193219715580993,0.565539673868771,1.01750066178593,1.03530759673481,0.172059884934384,0.224367969993312,0.937623655549085,0.498445624461378,-0.000752589616675449,-1.35385639342824,-1.24614077478811,0.00194804607184024,3,5,86,177
"Toiyabe","Wall","WASG04",28,31,0.239834845998603,0.565539673868771,1.01750066178593,1.03530759673481,-0.371890957415537,0.224367969993312,0.937623655549085,0.498445624461378,-2.56708318248229,-1.35385639342824,-1.24614077478811,0.00194804607184024,3,5,87,178
"Toiyabe","Wall","WASG05",30,31,0.309757541625018,0.565539673868771,1.01750066178593,1.03530759673481,-0.371890957415537,0.224367969993312,0.937623655549085,0.498445624461378,-0.0590782849090758,-1.35385639342824,-1.24614077478811,0.00194804607184024,3,5,88,179
"Toiyabe","Wall","WASG06",30,31,0.301988353222083,0.565539673868771,1.01750066178593,1.03530759673481,-0.553207904865511,0.224367969993312,0.937623655549085,0.498445624461378,0.524178668014928,-1.35385639342824,-1.24614077478811,0.00194804607184024,3,5,89,180
"Toiyabe","Wall","WASG07",31,31,0.317526730027953,0.565539673868771,1.01750066178593,1.03530759673481,-1.2784756946654,0.224367969993312,0.937623655549085,0.498445624461378,-1.86717483897349,-1.35385639342824,-1.24614077478811,0.00194804607184024,3,5,90,181
"Toiyabe","Wall","WASG08",30,31,0.364141860445563,0.565539673868771,1.01750066178593,1.03530759673481,-0.00925706251559089,0.224367969993312,0.937623655549085,0.498445624461378,-1.98382622955829,-1.35385639342824,-1.24614077478811,0.00194804607184024,3,5,91,182
"Toiyabe","Wall","WASG09",31,31,0.589448324130678,0.565539673868771,1.01750066178593,1.03530759673481,-0.915841799765457,1.22293471589552,2.01361403342026,0.389185159244843,0.465852972722528,0.671366998609372,0.596663009169934,-0.61521380665096,3,5,92,183
"Toiyabe","Wall","WASG10",30,31,0.760370468995248,0.565539673868771,1.01750066178593,1.03530759673481,-0.553207904865511,1.22293471589552,2.01361403342026,0.389185159244843,-0.64233523783308,0.671366998609372,0.596663009169934,-0.61521380665096,3,5,93,184
"Toiyabe","Wall","WASG11",29,31,0.674909396562963,0.565539673868771,1.01750066178593,1.03530759673481,-0.190574009965566,1.22293471589552,2.01361403342026,0.389185159244843,0.524178668014928,0.671366998609372,0.596663009169934,-0.61521380665096,3,5,94,185
"Toiyabe","Wall","WASG12",30,31,0.783678034204053,0.565539673868771,1.01750066178593,1.03530759673481,-0.553207904865511,1.22293471589552,2.01361403342026,0.389185159244843,-1.63387205780389,0.671366998609372,0.596663009169934,-0.61521380665096,3,5,95,186
"Toiyabe","Birch","BI0B1",21,31,-2.07538329807603,0.107851907135512,-0.317915109397975,0.101070016783527,-1.09715874721543,-1.35872565155897,-0.918459746278694,0.853797383261853,0.174224496260526,-1.25741718428359,-1.24614077478811,0.74604731525547,3,1,1,187
"Toiyabe","Birch","BI0B2",16,31,-1.91999953001733,0.107851907135512,-0.317915109397975,0.101070016783527,-0.00925706251559089,-1.35872565155897,-0.918459746278694,0.853797383261853,0.115898800968125,-1.25741718428359,-1.24614077478811,0.74604731525547,3,1,2,188
"Toiyabe","Birch","BI0B3",27,31,-1.85007683439091,0.107851907135512,-0.317915109397975,0.101070016783527,-1.2784756946654,-1.35872565155897,-0.918459746278694,0.853797383261853,0.290875886845326,-1.25741718428359,-1.24614077478811,0.74604731525547,3,1,3,189
"Toiyabe","Birch","BI0B4",11,26,-1.60923199389993,0.107851907135512,-0.317915109397975,0.101070016783527,1.15797078669361,-1.35872565155897,-0.918459746278694,0.853797383261853,1.39906409740093,-1.25741718428359,-1.24614077478811,0.74604731525547,3,1,4,190
"Toiyabe","Birch","BI0B1",22,31,-2.07538329807603,0.165062878377646,-0.0508319551611939,0.00258388766550963,-1.09715874721543,-1.31001507858813,-1.01260890434242,0.630178705434546,0.174224496260526,-1.25741718428359,-1.24614077478811,0.74604731525547,3,1,1,191
"Toiyabe","Birch","BI0B2",45,52,-1.91999953001733,0.165062878377646,-0.0508319551611939,0.00258388766550963,-0.734524852315486,-1.31001507858813,-1.01260890434242,0.630178705434546,0.115898800968125,-1.25741718428359,-1.24614077478811,0.74604731525547,3,1,2,192
"Toiyabe","Birch","BI0B3",26,31,-1.85007683439091,0.165062878377646,-0.0508319551611939,0.00258388766550963,-1.45979264211538,-1.31001507858813,-1.01260890434242,0.630178705434546,0.290875886845326,-1.25741718428359,-1.24614077478811,0.74604731525547,3,1,3,193
"Toiyabe","Birch","BI0B4",17,31,-1.60923199389993,0.165062878377646,-0.0508319551611939,0.00258388766550963,-0.00925706251559089,-1.31001507858813,-1.01260890434242,0.630178705434546,1.39906409740093,-1.25741718428359,-1.24614077478811,0.74604731525547,3,1,4,194
"Toiyabe","Birch","BISG01",31,31,-1.89669196480852,0.165062878377646,-0.0508319551611939,0.00258388766550963,-0.734524852315486,-1.31001507858813,-1.01260890434242,0.630178705434546,0.990784230354131,0.285610162030779,-1.24614077478811,0.74604731525547,3,1,5,195
"Toiyabe","Birch","BISG02",31,31,-1.92776871842026,0.165062878377646,-0.0508319551611939,0.00258388766550963,-1.09715874721543,-1.31001507858813,-1.01260890434242,0.630178705434546,1.80734396444774,0.285610162030779,-1.24614077478811,0.74604731525547,3,1,6,196
"Toiyabe","Birch","BISG03",28,31,-2.03653735606135,0.165062878377646,-0.0508319551611939,0.00258388766550963,-1.2784756946654,-1.31001507858813,-1.01260890434242,0.630178705434546,0.115898800968125,0.285610162030779,-1.24614077478811,0.74604731525547,3,1,7,197
"Toiyabe","Birch","BISG04",14,31,-2.04430654446429,0.165062878377646,-0.0508319551611939,0.00258388766550963,-0.915841799765457,-1.31001507858813,-1.01260890434242,0.630178705434546,-0.875638019002681,0.285610162030779,-1.24614077478811,0.74604731525547,3,1,8,198
"Toiyabe","Birch","BISG05",30,31,-2.0909216748819,0.165062878377646,-0.0508319551611939,0.00258388766550963,-1.2784756946654,-1.31001507858813,-1.01260890434242,0.630178705434546,0.699155753892129,0.285610162030779,-1.24614077478811,0.74604731525547,3,1,9,199
"Toiyabe","Birch","BISG06",27,31,-2.12199842849364,0.165062878377646,-0.0508319551611939,0.00258388766550963,-1.2784756946654,-1.31001507858813,-1.01260890434242,0.630178705434546,0.174224496260526,0.285610162030779,-1.24614077478811,0.74604731525547,3,1,10,200
"Toiyabe","Birch","BISG07",21,31,-2.12199842849364,0.165062878377646,-0.0508319551611939,0.00258388766550963,-0.915841799765457,-1.31001507858813,-1.01260890434242,0.630178705434546,0.0575731056757249,0.285610162030779,-1.24614077478811,0.74604731525547,3,1,11,201
"Toiyabe","Birch","BISG08",24,31,-2.18415193571712,0.165062878377646,-0.0508319551611939,0.00258388766550963,-1.2784756946654,-1.31001507858813,-1.01260890434242,0.630178705434546,0.174224496260526,0.285610162030779,-1.24614077478811,0.74604731525547,3,1,12,202
"Monitor","Elkhorn","EH01",18,31,0.838062353024598,0.565539673868771,-0.584998263634757,0.34222296845568,-0.915841799765457,-0.993396354277676,-0.393914437066496,0.796072042252287,-0.0590782849090758,-0.437683906554082,-0.877580017996498,0.448470520223652,1,2,13,203
"Monitor","Elkhorn","EH02",18,31,1.1721374543508,0.565539673868771,-0.584998263634757,0.34222296845568,-0.915841799765457,-0.993396354277676,-0.393914437066496,0.796072042252287,0.699155753892129,-0.437683906554082,-0.877580017996498,0.448470520223652,1,2,14,204
"Monitor","Elkhorn","EH03",19,31,1.29644446879776,0.565539673868771,-0.584998263634757,0.34222296845568,-1.09715874721543,-0.993396354277676,-0.393914437066496,0.796072042252287,-1.34224358134188,-0.437683906554082,-0.877580017996498,0.448470520223652,1,2,15,205
"Monitor","Elkhorn","EH04",2,31,1.42852067164766,0.565539673868771,-0.584998263634757,0.34222296845568,-1.45979264211538,-0.993396354277676,-0.393914437066496,0.796072042252287,2.15729813620214,-0.437683906554082,-0.877580017996498,0.448470520223652,1,2,16,206
"Monitor","Elkhorn","EHSG01",20,31,1.08667638191852,0.565539673868771,-0.584998263634757,0.34222296845568,-0.190574009965566,-0.993396354277676,-0.393914437066496,0.796072042252287,0.232550191552926,0.237390557458455,-0.877580017996498,0.448470520223652,1,2,17,207
"Monitor","Elkhorn","EHSG02",17,31,1.04783043990384,0.565539673868771,-0.584998263634757,0.34222296845568,-0.190574009965566,-0.993396354277676,-0.393914437066496,0.796072042252287,-0.0590782849090758,0.237390557458455,-0.877580017996498,0.448470520223652,1,2,18,208
"Monitor","Elkhorn","EHSG03",24,31,1.08667638191852,0.565539673868771,-0.584998263634757,0.34222296845568,-1.2784756946654,-0.993396354277676,-0.393914437066496,0.796072042252287,-0.350706761371078,0.237390557458455,-0.877580017996498,0.448470520223652,1,2,19,209
"Monitor","Elkhorn","EHSG04",14,31,1.00898449788917,0.565539673868771,-0.584998263634757,0.34222296845568,-0.915841799765457,-0.993396354277676,-0.393914437066496,0.796072042252287,-0.234055370786277,0.237390557458455,-0.877580017996498,0.448470520223652,1,2,20,210
"Monitor","Elkhorn","EHSG05",21,31,1.17990664275374,0.565539673868771,-0.584998263634757,0.34222296845568,-1.2784756946654,-0.993396354277676,-0.393914437066496,0.796072042252287,0.115898800968125,0.237390557458455,-0.877580017996498,0.448470520223652,1,2,21,211
"Monitor","Elkhorn","EHSG06",22,31,1.06336881670971,0.565539673868771,-0.584998263634757,0.34222296845568,-1.45979264211538,-0.993396354277676,-0.393914437066496,0.796072042252287,-0.0590782849090758,0.237390557458455,-0.877580017996498,0.448470520223652,1,2,22,212
"Monitor","Elkhorn","EHSG07",16,31,1.18767583115667,0.565539673868771,-0.584998263634757,0.34222296845568,-0.915841799765457,-0.993396354277676,-0.393914437066496,0.796072042252287,0.582504363307328,0.237390557458455,-0.877580017996498,0.448470520223652,1,2,23,213
"Monitor","Elkhorn","EHSG08",17,31,1.07113800511265,0.565539673868771,-0.584998263634757,0.34222296845568,-1.09715874721543,-0.993396354277676,-0.393914437066496,0.796072042252287,0.699155753892129,0.237390557458455,-0.877580017996498,0.448470520223652,1,2,24,214
"Monitor","Elkhorn","EHSG09",3,31,1.22652177317135,0.565539673868771,-0.584998263634757,0.34222296845568,-1.2784756946654,-0.993396354277676,-0.393914437066496,0.796072042252287,1.63236687857053,0.237390557458455,-0.877580017996498,0.448470520223652,1,2,25,215
"Monitor","Elkhorn","EHSG10",14,31,1.14106070073906,0.565539673868771,-0.584998263634757,0.34222296845568,-1.2784756946654,-0.993396354277676,-0.393914437066496,0.796072042252287,2.27394952678694,0.237390557458455,-0.877580017996498,0.448470520223652,1,2,26,216
"Toiyabe","Grass Springs","GS01",13,21,0.0922202663428376,0.165062878377646,0.216251199075588,0.0467645811016294,1.4412785170842,-1.09081750021936,-0.689811790981069,0.642293603449474,-1.16726649546468,0.0686219414553209,0.154390101020004,0.512536421429782,3,3,27,217
"Toiyabe","Grass Springs","GS02",13,21,-0.257393211789237,0.165062878377646,0.216251199075588,0.0467645811016294,1.07864462218425,-1.09081750021936,-0.689811790981069,0.642293603449474,-1.10894080017228,0.0686219414553209,0.154390101020004,0.512536421429782,3,3,28,218
"Toiyabe","Grass Springs","GS03",26,31,-0.638083443533053,0.165062878377646,0.216251199075588,0.0467645811016294,0.897327674734275,-1.09081750021936,-0.689811790981069,0.642293603449474,1.51571548798573,0.0686219414553209,0.154390101020004,0.512536421429782,3,3,29,219
"Toiyabe","Grass Springs","GS04",31,31,-0.684698573950663,0.165062878377646,0.216251199075588,0.0467645811016294,-0.553207904865511,-1.09081750021936,-0.689811790981069,0.642293603449474,0.990784230354131,0.0686219414553209,0.154390101020004,0.512536421429782,3,3,30,220
"Toiyabe","Grass Springs","GS05",30,31,-0.622545066727183,0.165062878377646,0.216251199075588,0.0467645811016294,-0.190574009965566,-1.09081750021936,-0.689811790981069,0.642293603449474,0.349201582137727,0.0686219414553209,0.154390101020004,0.512536421429782,3,3,31,221
"Toiyabe","Grass Springs","GS06",21,21,-0.459392110265548,0.165062878377646,0.216251199075588,0.0467645811016294,-0.00925706251559089,-1.09081750021936,-0.689811790981069,0.642293603449474,0.115898800968125,0.0686219414553209,0.154390101020004,0.512536421429782,3,3,32,222
"Toiyabe","Grass Springs","GS07",18,21,-0.171932139356952,0.165062878377646,0.216251199075588,0.0467645811016294,0.353376832384355,-1.09081750021936,-0.689811790981069,0.642293603449474,-0.75898662841788,0.0686219414553209,0.154390101020004,0.512536421429782,3,3,33,223
"Toiyabe","Grass Springs","GS08",17,21,-0.296239153803912,0.165062878377646,0.216251199075588,0.0467645811016294,0.172059884934384,-1.09081750021936,-0.689811790981069,0.642293603449474,-2.50875748718989,0.0686219414553209,0.154390101020004,0.512536421429782,3,3,34,224
"Toiyabe","Grass Springs","GS09",18,21,-0.692467762353598,0.165062878377646,0.216251199075588,0.0467645811016294,-1.09715874721543,-1.09081750021936,-0.689811790981069,0.642293603449474,0.232550191552926,0.0686219414553209,0.154390101020004,0.512536421429782,3,3,35,225
"Toiyabe","Grass Springs","GS10",29,30,-0.816774776800558,0.165062878377646,0.216251199075588,0.0467645811016294,-0.888644257647962,-1.09081750021936,-0.689811790981069,0.642293603449474,0.174224496260526,0.0686219414553209,0.154390101020004,0.512536421429782,3,3,36,226
"Toiyabe","Grass Springs","GSSG01",15,31,-0.607006689921313,0.165062878377646,0.216251199075588,0.0467645811016294,1.07864462218425,-1.09081750021936,-0.689811790981069,0.642293603449474,0.232550191552926,1.15356304433261,-0.287882807129925,0.386249917626093,3,3,37,227
"Toiyabe","Grass Springs","GSSG02",27,31,-0.591468313115443,0.165062878377646,0.216251199075588,0.0467645811016294,-0.371890957415537,-1.09081750021936,-0.689811790981069,0.642293603449474,-0.0590782849090758,1.15356304433261,-0.287882807129925,0.386249917626093,3,3,38,228
"Toiyabe","Grass Springs","GSSG03",11,31,-0.599237501518378,0.165062878377646,0.216251199075588,0.0467645811016294,2.16654630688409,-1.09081750021936,-0.689811790981069,0.642293603449474,-0.234055370786277,1.15356304433261,-0.287882807129925,0.386249917626093,3,3,39,229
"Toiyabe","Grass Springs","GSSG04",27,31,-0.560391559503703,0.165062878377646,0.216251199075588,0.0467645811016294,-0.553207904865511,-1.09081750021936,-0.689811790981069,0.642293603449474,0.0575731056757249,1.15356304433261,-0.287882807129925,0.386249917626093,3,3,40,230
"Toiyabe","Grass Springs","GSSG05",23,31,-0.544853182697833,0.165062878377646,0.216251199075588,0.0467645811016294,0.53469377983433,-1.09081750021936,-0.689811790981069,0.642293603449474,-0.117403980201476,1.15356304433261,-0.287882807129925,0.386249917626093,3,3,41,231
"Toiyabe","Grass Springs","GSSG06",31,31,-0.529314805891963,0.165062878377646,0.216251199075588,0.0467645811016294,-0.734524852315486,-1.09081750021936,-0.689811790981069,0.642293603449474,-0.000752589616675449,1.15356304433261,-0.287882807129925,0.386249917626093,3,3,42,232
"Toiyabe","Grass Springs","GSSG07",26,31,-0.529314805891963,0.165062878377646,0.216251199075588,0.0467645811016294,0.897327674734275,-1.09081750021936,-0.689811790981069,0.642293603449474,-0.117403980201476,1.15356304433261,-0.287882807129925,0.386249917626093,3,3,43,233
"Toiyabe","Grass Springs","GSSG08",31,31,-0.490468863877288,0.165062878377646,0.216251199075588,0.0467645811016294,-0.553207904865511,-1.09081750021936,-0.689811790981069,0.642293603449474,-0.175729675493877,1.15356304433261,-0.287882807129925,0.386249917626093,3,3,44,234
"Toiyabe","Grass Springs","GSSG09",31,31,-0.428315356653808,0.165062878377646,0.216251199075588,0.0467645811016294,-0.371890957415537,-1.09081750021936,-0.689811790981069,0.642293603449474,-0.933963714295081,1.15356304433261,-0.287882807129925,0.386249917626093,3,3,45,235
"Toiyabe","Grass Springs","GSSG10",30,31,-0.451622921862613,0.165062878377646,0.216251199075588,0.0467645811016294,0.353376832384355,-1.09081750021936,-0.689811790981069,0.642293603449474,0.0575731056757249,1.15356304433261,-0.287882807129925,0.386249917626093,3,3,46,236
"Toiyabe","Grass Springs","GSSG11",31,31,-0.389469414639132,0.165062878377646,0.216251199075588,0.0467645811016294,0.172059884934384,-1.09081750021936,-0.689811790981069,0.642293603449474,-0.992289409587482,1.15356304433261,-0.287882807129925,0.386249917626093,3,3,47,237
"Toiyabe","Grass Springs","GSSG12",30,31,-0.443853733459678,0.165062878377646,0.216251199075588,0.0467645811016294,0.7160107272843,-1.09081750021936,-0.689811790981069,0.642293603449474,-0.409032456663478,1.15356304433261,-0.287882807129925,0.386249917626093,3,3,48,238
"Shoshone","Underdown","UN02.2",11,31,-0.156393762551082,0.565539673868771,1.28458381602271,1.65015558038748,-0.00925706251559089,-1.06646221373394,-0.703261670704459,0.587372732448469,0.990784230354131,-0.29302509283711,0.338670479415808,0.819442334694072,2,4,61,239
"Shoshone","Underdown","UN03.1",22,31,0.309757541625018,0.565539673868771,1.28458381602271,1.65015558038748,0.7160107272843,-1.06646221373394,-0.703261670704459,0.587372732448469,0.582504363307328,-0.29302509283711,0.338670479415808,0.819442334694072,2,4,62,240
"Shoshone","Underdown","UN03.2",13,31,0.612755889339483,0.565539673868771,0.483334353312369,0.233612097091886,1.4412785170842,-1.06646221373394,-0.703261670704459,0.587372732448469,0.407527277430127,-0.29302509283711,0.338670479415808,0.819442334694072,2,4,63,241
"Shoshone","Underdown","UN0B1",11,31,-0.653621820338923,0.565539673868771,0.483334353312369,0.233612097091886,-0.00925706251559089,-1.57792322992775,-1.59095373244818,0.167428999306642,-1.16726649546468,-2.60756611230867,-1.24614077478811,-0.972706106869388,2,4,64,242
"Shoshone","Underdown","UN0B2",18,31,-0.296239153803912,0.565539673868771,0.483334353312369,0.233612097091886,0.7160107272843,-1.06646221373394,-0.703261670704459,0.587372732448469,-0.70066093312548,0.816025812326344,0.596663009169934,1.13462850469514,2,4,65,243
"Shoshone","Underdown","UN0B3",23,31,-0.249624023386302,0.565539673868771,0.483334353312369,0.233612097091886,0.172059884934384,-1.06646221373394,-0.703261670704459,0.587372732448469,-0.875638019002681,0.816025812326344,0.596663009169934,1.13462850469514,2,4,66,244
"Shoshone","Underdown","UN0B4",27,31,-0.234085646580432,0.565539673868771,0.483334353312369,0.233612097091886,-0.00925706251559089,-1.06646221373394,-0.703261670704459,0.587372732448469,0.174224496260526,0.816025812326344,0.596663009169934,1.13462850469514,2,4,67,245
"Shoshone","Underdown","UN0B5",21,31,0.496218063295458,0.565539673868771,0.483334353312369,0.233612097091886,0.7160107272843,-1.06646221373394,-0.703261670704459,0.587372732448469,-0.292381066078677,0.816025812326344,0.596663009169934,1.13462850469514,2,4,68,246
"Shoshone","Underdown","UN0B6",15,31,0.604986700936548,0.565539673868771,0.483334353312369,0.233612097091886,1.62259546453417,-1.06646221373394,-0.703261670704459,0.587372732448469,-0.584009542540679,0.816025812326344,0.596663009169934,1.13462850469514,2,4,69,247
"Shoshone","Underdown","UN0B7",24,31,0.713755338577638,0.565539673868771,0.483334353312369,0.233612097091886,1.25996156963422,-1.06646221373394,-0.703261670704459,0.587372732448469,-0.000752589616675449,0.816025812326344,0.596663009169934,1.13462850469514,2,4,70,248
"Toiyabe","Wall","WA03.1",13,31,-0.125317008939342,0.565539673868771,1.55166697025949,2.40767038659428,-0.553207904865511,-1.38308093804439,-0.985709144895643,0.81722674811934,-0.0590782849090758,-2.36646808944705,-0.730155715279855,-0.569860460177314,3,5,71,249
"Toiyabe","Wall","WA03.2",22,31,0.263142411207408,0.565539673868771,1.55166697025949,2.40767038659428,-0.00925706251559089,-1.38308093804439,-0.985709144895643,0.81722674811934,1.63236687857053,-1.86016224143764,-0.214170655771604,-0.865504938358246,3,5,72,250
"Toiyabe","Wall","WA04.2",19,31,1.05559962830678,0.565539673868771,1.55166697025949,2.40767038659428,-0.190574009965566,-0.969041067792257,-0.488063595130224,0.669899332259502,-0.234055370786277,-0.485903511126406,1.8497695822614,-0.61521380665096,3,5,73,251
"Toiyabe","Wall","WA05.1",26,31,1.46736661366233,0.565539673868771,1.55166697025949,2.40767038659428,-1.45979264211538,-0.969041067792257,-0.488063595130224,0.669899332259502,-0.584009542540679,0.0927317437414829,1.37064059843231,-1.28007351393084,3,5,74,252
"Toiyabe","Wall","WA05.2",24,31,1.91797954103256,0.565539673868771,1.55166697025949,2.40767038659428,-1.09715874721543,-0.969041067792257,-0.488063595130224,0.669899332259502,1.16576131623133,-0.485903511126406,1.8497695822614,-0.61521380665096,3,5,75,253
"Toiyabe","Wall","WA06.1",11,31,1.84805684540615,0.565539673868771,1.55166697025949,2.40767038659428,-0.915841799765457,-0.969041067792257,-0.488063595130224,0.669899332259502,1.98232105032494,0.0927317437414829,1.37064059843231,-1.28007351393084,3,5,76,254
"Toiyabe","Wall","WA0B1",27,31,0.0533743243281626,0.565539673868771,1.55166697025949,2.40767038659428,-0.734524852315486,-1.38308093804439,-0.985709144895643,0.81722674811934,0.640830058599729,-1.20919757971127,0.301814403736648,-0.569860460177314,3,5,77,255
"Toiyabe","Wall","WA0B2",31,31,0.348603483639693,0.565539673868771,1.55166697025949,2.40767038659428,-0.00925706251559089,-0.969041067792257,-0.488063595130224,0.669899332259502,-1.80884914368109,1.20178264890494,1.8497695822614,-0.61521380665096,3,5,78,256
"Toiyabe","Wall","WA0B3",24,31,0.465141309683718,0.565539673868771,1.55166697025949,2.40767038659428,-1.45979264211538,-0.969041067792257,-0.488063595130224,0.669899332259502,1.45738979269333,1.20178264890494,1.8497695822614,-0.61521380665096,3,5,79,257
"Toiyabe","Wall","WA0B4",21,31,0.744832092189378,0.565539673868771,1.55166697025949,2.40767038659428,0.53469377983433,-0.969041067792257,-0.488063595130224,0.669899332259502,1.92399535503254,1.20178264890494,1.8497695822614,-0.61521380665096,3,5,80,258
"Toiyabe","Wall","WA0B5",27,31,0.775908845801118,0.565539673868771,1.55166697025949,2.40767038659428,-0.371890957415537,-0.969041067792257,-0.488063595130224,0.669899332259502,0.757481449184529,1.20178264890494,1.8497695822614,-0.61521380665096,3,5,81,259
"Toiyabe","Wall","WA0B6",28,31,1.19544501955961,0.565539673868771,1.55166697025949,2.40767038659428,-0.553207904865511,-0.969041067792257,-0.488063595130224,0.669899332259502,-0.75898662841788,1.20178264890494,1.8497695822614,-0.61521380665096,3,5,82,260
"Toiyabe","Wall","WA0B7",26,31,1.59167362810929,0.565539673868771,1.55166697025949,2.40767038659428,-0.553207904865511,-0.969041067792257,-0.488063595130224,0.669899332259502,-0.350706761371078,1.20178264890494,1.8497695822614,-0.61521380665096,3,5,83,261
"Toiyabe","Wall","WASG01",28,31,0.185450527178058,0.565539673868771,1.55166697025949,2.40767038659428,-0.915841799765457,-1.38308093804439,-0.985709144895643,0.81722674811934,-0.0590782849090758,-1.35385639342824,-1.24614077478811,0.00194804607184024,3,5,84,262
"Toiyabe","Wall","WASG02",24,31,0.278680788013278,0.565539673868771,1.55166697025949,2.40767038659428,-0.734524852315486,-1.38308093804439,-0.985709144895643,0.81722674811934,1.04910992564653,-1.35385639342824,-1.24614077478811,0.00194804607184024,3,5,85,263
"Toiyabe","Wall","WASG03",26,31,0.193219715580993,0.565539673868771,1.55166697025949,2.40767038659428,-1.2784756946654,-1.38308093804439,-0.985709144895643,0.81722674811934,-0.000752589616675449,-1.35385639342824,-1.24614077478811,0.00194804607184024,3,5,86,264
"Toiyabe","Wall","WASG04",30,31,0.239834845998603,0.565539673868771,1.55166697025949,2.40767038659428,-1.09715874721543,-1.38308093804439,-0.985709144895643,0.81722674811934,-2.56708318248229,-1.35385639342824,-1.24614077478811,0.00194804607184024,3,5,87,265
"Toiyabe","Wall","WASG05",26,31,0.309757541625018,0.565539673868771,1.55166697025949,2.40767038659428,-1.09715874721543,-1.38308093804439,-0.985709144895643,0.81722674811934,-0.0590782849090758,-1.35385639342824,-1.24614077478811,0.00194804607184024,3,5,88,266
"Toiyabe","Wall","WASG06",31,31,0.301988353222083,0.565539673868771,1.55166697025949,2.40767038659428,-1.2784756946654,-1.38308093804439,-0.985709144895643,0.81722674811934,0.524178668014928,-1.35385639342824,-1.24614077478811,0.00194804607184024,3,5,89,267
"Toiyabe","Wall","WASG07",27,31,0.317526730027953,0.565539673868771,1.55166697025949,2.40767038659428,-0.915841799765457,-1.38308093804439,-0.985709144895643,0.81722674811934,-1.86717483897349,-1.35385639342824,-1.24614077478811,0.00194804607184024,3,5,90,268
"Toiyabe","Wall","WASG08",27,31,0.364141860445563,0.565539673868771,1.55166697025949,2.40767038659428,-0.915841799765457,-1.38308093804439,-0.985709144895643,0.81722674811934,-1.98382622955829,-1.35385639342824,-1.24614077478811,0.00194804607184024,3,5,91,269
"Toiyabe","Wall","WASG09",21,31,0.589448324130678,0.565539673868771,1.55166697025949,2.40767038659428,-1.2784756946654,-0.969041067792257,-0.488063595130224,0.669899332259502,0.465852972722528,0.671366998609372,0.596663009169934,-0.61521380665096,3,5,92,270
"Toiyabe","Wall","WASG10",28,31,0.760370468995248,0.565539673868771,1.55166697025949,2.40767038659428,-0.371890957415537,-0.969041067792257,-0.488063595130224,0.669899332259502,-0.64233523783308,0.671366998609372,0.596663009169934,-0.61521380665096,3,5,93,271
"Toiyabe","Wall","WASG11",29,31,0.674909396562963,0.565539673868771,1.55166697025949,2.40767038659428,-0.00925706251559089,-0.969041067792257,-0.488063595130224,0.669899332259502,0.524178668014928,0.671366998609372,0.596663009169934,-0.61521380665096,3,5,94,272
"Toiyabe","Wall","WASG12",31,31,0.783678034204053,0.565539673868771,1.55166697025949,2.40767038659428,-0.734524852315486,-0.969041067792257,-0.488063595130224,0.669899332259502,-1.63387205780389,0.671366998609372,0.596663009169934,-0.61521380665096,3,5,95,273
"Toiyabe","Birch","BI0B1",24,31,-2.07538329807603,-0.0752231989170291,0.483334353312369,0.233612097091886,-0.371890957415537,0.102591537566213,-1.40265541632072,-2.17664492083845,0.174224496260526,-1.25741718428359,-1.24614077478811,0.74604731525547,3,1,1,274
"Toiyabe","Birch","BI0B2",19,31,-1.91999953001733,-0.0752231989170291,0.483334353312369,0.233612097091886,0.172059884934384,0.102591537566213,-1.40265541632072,-2.17664492083845,0.115898800968125,-1.25741718428359,-1.24614077478811,0.74604731525547,3,1,2,275
"Toiyabe","Birch","BI0B3",31,31,-1.85007683439091,-0.0752231989170291,0.483334353312369,0.233612097091886,0.172059884934384,0.102591537566213,-1.40265541632072,-2.17664492083845,0.290875886845326,-1.25741718428359,-1.24614077478811,0.74604731525547,3,1,3,276
"Toiyabe","Birch","BI0B4",21,31,-1.60923199389993,-0.0752231989170291,0.483334353312369,0.233612097091886,-0.371890957415537,0.102591537566213,-1.40265541632072,-2.17664492083845,1.39906409740093,-1.25741718428359,-1.24614077478811,0.74604731525547,3,1,4,277
"Monitor","Elkhorn","EH01",31,31,0.838062353024598,0.565539673868771,-0.0508319551611939,0.00258388766550963,-0.734524852315486,0.39485497539125,-0.972259265172253,-1.57267300739965,-0.0590782849090758,-0.437683906554082,-0.877580017996498,0.448470520223652,1,2,13,278
"Monitor","Elkhorn","EH02",30,31,1.1721374543508,0.565539673868771,-0.0508319551611939,0.00258388766550963,-1.09715874721543,0.39485497539125,-0.972259265172253,-1.57267300739965,0.699155753892129,-0.437683906554082,-0.877580017996498,0.448470520223652,1,2,14,279
"Monitor","Elkhorn","EH03",30,31,1.29644446879776,0.565539673868771,-0.0508319551611939,0.00258388766550963,-1.09715874721543,0.39485497539125,-0.972259265172253,-1.57267300739965,-1.34224358134188,-0.437683906554082,-0.877580017996498,0.448470520223652,1,2,15,280
"Monitor","Elkhorn","EH04",26,31,1.42852067164766,0.565539673868771,-0.0508319551611939,0.00258388766550963,-0.734524852315486,0.39485497539125,-0.972259265172253,-1.57267300739965,2.15729813620214,-0.437683906554082,-0.877580017996498,0.448470520223652,1,2,16,281
"Toiyabe","Grass Springs","GS01",30,31,0.0922202663428376,0.245158237475871,0.75041750754915,0.563126435636279,-0.553207904865511,0.321789115934991,-1.16055758129971,-1.85231533404928,-1.16726649546468,0.0686219414553209,0.154390101020004,0.512536421429782,3,3,27,282
"Toiyabe","Grass Springs","GS03",30,31,-0.638083443533053,0.245158237475871,0.75041750754915,0.563126435636279,-0.00925706251559089,0.321789115934991,-1.16055758129971,-1.85231533404928,1.51571548798573,0.0686219414553209,0.154390101020004,0.512536421429782,3,3,29,283
"Toiyabe","Grass Springs","GS04",30,31,-0.684698573950663,0.245158237475871,0.75041750754915,0.563126435636279,-0.190574009965566,0.321789115934991,-1.16055758129971,-1.85231533404928,0.990784230354131,0.0686219414553209,0.154390101020004,0.512536421429782,3,3,30,284
"Toiyabe","Grass Springs","GS05",29,31,-0.622545066727183,0.245158237475871,0.75041750754915,0.563126435636279,0.172059884934384,0.321789115934991,-1.16055758129971,-1.85231533404928,0.349201582137727,0.0686219414553209,0.154390101020004,0.512536421429782,3,3,31,285
"Toiyabe","Grass Springs","GS09",30,31,-0.692467762353598,0.245158237475871,0.75041750754915,0.563126435636279,-1.2784756946654,0.321789115934991,-1.16055758129971,-1.85231533404928,0.232550191552926,0.0686219414553209,0.154390101020004,0.512536421429782,3,3,35,286
"Toiyabe","Grass Springs","GS10",30,31,-0.816774776800558,0.245158237475871,0.75041750754915,0.563126435636279,-0.734524852315486,0.321789115934991,-1.16055758129971,-1.85231533404928,0.174224496260526,0.0686219414553209,0.154390101020004,0.512536421429782,3,3,36,287
"Shoshone","Underdown","UN02.2",13,31,-0.156393762551082,0.565539673868771,1.81875012449628,3.30785201535522,0.53469377983433,0.857605418614225,-1.01260890434242,-2.01538836747914,0.990784230354131,-0.29302509283711,0.338670479415808,0.819442334694072,2,4,61,288
"Shoshone","Underdown","UN03.1",24,31,0.309757541625018,0.565539673868771,1.81875012449628,3.30785201535522,0.53469377983433,0.857605418614225,-1.01260890434242,-2.01538836747914,0.582504363307328,-0.29302509283711,0.338670479415808,0.819442334694072,2,4,62,289
"Shoshone","Underdown","UN03.2",17,31,0.612755889339483,0.565539673868771,1.01750066178593,1.03530759673481,1.80391241198414,0.857605418614225,-1.01260890434242,-2.01538836747914,0.407527277430127,-0.29302509283711,0.338670479415808,0.819442334694072,2,4,63,290
"Shoshone","Underdown","UN0B1",10,31,-0.653621820338923,0.565539673868771,1.01750066178593,1.03530759673481,-0.190574009965566,0.175657397022472,-1.68510289051191,-3.02731724669928,-1.16726649546468,-2.60756611230867,-1.24614077478811,-0.972706106869388,2,4,64,291
"Shoshone","Underdown","UN0B2",12,31,-0.296239153803912,0.565539673868771,1.01750066178593,1.03530759673481,0.897327674734275,0.857605418614225,-1.01260890434242,-2.01538836747914,-0.70066093312548,0.816025812326344,0.596663009169934,1.13462850469514,2,4,65,292
"Shoshone","Underdown","UN0B3",28,31,-0.249624023386302,0.565539673868771,1.01750066178593,1.03530759673481,1.98522935943412,0.857605418614225,-1.01260890434242,-2.01538836747914,-0.875638019002681,0.816025812326344,0.596663009169934,1.13462850469514,2,4,66,293
"Shoshone","Underdown","UN0B4",23,31,-0.234085646580432,0.565539673868771,1.01750066178593,1.03530759673481,0.172059884934384,0.857605418614225,-1.01260890434242,-2.01538836747914,0.174224496260526,0.816025812326344,0.596663009169934,1.13462850469514,2,4,67,294
"Shoshone","Underdown","UN0B5",23,31,0.496218063295458,0.565539673868771,1.01750066178593,1.03530759673481,0.172059884934384,0.857605418614225,-1.01260890434242,-2.01538836747914,-0.292381066078677,0.816025812326344,0.596663009169934,1.13462850469514,2,4,68,295
"Shoshone","Underdown","UN0B6",27,31,0.604986700936548,0.565539673868771,1.01750066178593,1.03530759673481,-0.00925706251559089,0.857605418614225,-1.01260890434242,-2.01538836747914,-0.584009542540679,0.816025812326344,0.596663009169934,1.13462850469514,2,4,69,296
"Shoshone","Underdown","UN0B7",21,31,0.713755338577638,0.565539673868771,1.01750066178593,1.03530759673481,-0.553207904865511,0.857605418614225,-1.01260890434242,-2.01538836747914,-0.000752589616675449,0.816025812326344,0.596663009169934,1.13462850469514,2,4,70,297
"Toiyabe","Wall","WA03.1",13,31,-0.125317008939342,0.565539673868771,2.08583327873306,4.3507004666703,-0.915841799765457,0.34614440242041,-1.37575565687394,-2.33491406465583,-0.0590782849090758,-2.36646808944705,-0.730155715279855,-0.569860460177314,3,5,71,298
"Toiyabe","Wall","WA03.2",17,31,0.263142411207408,0.565539673868771,2.08583327873306,4.3507004666703,-0.190574009965566,0.34614440242041,-1.37575565687394,-2.33491406465583,1.63236687857053,-1.86016224143764,-0.214170655771604,-0.865504938358246,3,5,72,299
"Toiyabe","Wall","WA04.2",19,31,1.05559962830678,0.565539673868771,2.08583327873306,4.3507004666703,-0.371890957415537,0.906315991585065,-0.931909626002084,-1.91518043243422,-0.234055370786277,-0.485903511126406,1.8497695822614,-0.61521380665096,3,5,73,300
"Toiyabe","Wall","WA05.1",24,31,1.46736661366233,0.565539673868771,2.08583327873306,4.3507004666703,0.172059884934384,0.906315991585065,-0.931909626002084,-1.91518043243422,-0.584009542540679,0.0927317437414829,1.37064059843231,-1.28007351393084,3,5,74,301
"Toiyabe","Wall","WA05.2",21,31,1.91797954103256,0.565539673868771,2.08583327873306,4.3507004666703,0.353376832384355,0.906315991585065,-0.931909626002084,-1.91518043243422,1.16576131623133,-0.485903511126406,1.8497695822614,-0.61521380665096,3,5,75,302
"Toiyabe","Wall","WA06.1",14,31,1.84805684540615,0.565539673868771,2.08583327873306,4.3507004666703,-0.371890957415537,0.906315991585065,-0.931909626002084,-1.91518043243422,1.98232105032494,0.0927317437414829,1.37064059843231,-1.28007351393084,3,5,76,303
"Toiyabe","Wall","WA0B1",26,31,0.0533743243281626,0.565539673868771,2.08583327873306,4.3507004666703,-0.371890957415537,0.34614440242041,-1.37575565687394,-2.33491406465583,0.640830058599729,-1.20919757971127,0.301814403736648,-0.569860460177314,3,5,77,304
"Toiyabe","Wall","WA0B2",29,31,0.348603483639693,0.565539673868771,2.08583327873306,4.3507004666703,-1.2784756946654,0.906315991585065,-0.931909626002084,-1.91518043243422,-1.80884914368109,1.20178264890494,1.8497695822614,-0.61521380665096,3,5,78,305
"Toiyabe","Wall","WA0B3",10,31,0.465141309683718,0.565539673868771,2.08583327873306,4.3507004666703,-1.2784756946654,0.906315991585065,-0.931909626002084,-1.91518043243422,1.45738979269333,1.20178264890494,1.8497695822614,-0.61521380665096,3,5,79,306
"Toiyabe","Wall","WA0B4",3,31,0.744832092189378,0.565539673868771,2.08583327873306,4.3507004666703,-0.371890957415537,0.906315991585065,-0.931909626002084,-1.91518043243422,1.92399535503254,1.20178264890494,1.8497695822614,-0.61521380665096,3,5,80,307
"Toiyabe","Wall","WA0B5",22,31,0.775908845801118,0.565539673868771,2.08583327873306,4.3507004666703,0.53469377983433,0.906315991585065,-0.931909626002084,-1.91518043243422,0.757481449184529,1.20178264890494,1.8497695822614,-0.61521380665096,3,5,81,308
"Toiyabe","Wall","WA0B6",25,31,1.19544501955961,0.565539673868771,2.08583327873306,4.3507004666703,-1.09715874721543,0.906315991585065,-0.931909626002084,-1.91518043243422,-0.75898662841788,1.20178264890494,1.8497695822614,-0.61521380665096,3,5,82,309
"Toiyabe","Wall","WA0B7",27,31,1.59167362810929,0.565539673868771,2.08583327873306,4.3507004666703,0.172059884934384,0.906315991585065,-0.931909626002084,-1.91518043243422,-0.350706761371078,1.20178264890494,1.8497695822614,-0.61521380665096,3,5,83,310
