"range","area","pt","brte","nsamp","elev","burn","pgraze","pgrassf","sppr","wtpr","propwtr","hillshade","medwtpcp","medpropwtr"
"Shoshone","Underdown","High.Control.M.1",1,50,2362.5,0,0,1,82.8,262.88,0.76047211293682,196,239.005,0.704301660232132
"Shoshone","Underdown","Low.Burned.M.1",2,50,2092.9,0,0,0.94,35.56,117.09,0.767048804454635,158,106.805,0.63747088796765
"Shoshone","Underdown","Low.Burned.M.2",0,50,2092.2,0,0,0.96,35.56,117.09,0.767048804454635,176,106.805,0.63747088796765
"Shoshone","Underdown","Low.Burned.M.3",12,50,2085.7,0,0,0.96,35.56,117.09,0.767048804454635,183,106.805,0.63747088796765
"Shoshone","Underdown","Low.Control.M.2",0,50,2060.9,0,0,1,35.56,117.09,0.767048804454635,187,106.805,0.63747088796765
"Shoshone","Underdown","Low.Control.M.3",1,50,2062.5,0,0,0.92,35.56,117.09,0.767048804454635,188,106.805,0.63747088796765
"Shoshone","Underdown","Mid.Burned.E.1",10,50,2234.2,0,0,0.98,57.4,187.71,0.765819428011913,198,169.17,0.678473507221412
"Shoshone","Underdown","Mid.Burned.E.2",2,50,2239.7,0,0,1,57.4,187.71,0.765819428011913,200,169.17,0.678473507221412
"Shoshone","Underdown","Mid.Burned.E.3",0,50,2236.9,0,0,1,57.4,187.71,0.765819428011913,195,169.17,0.678473507221412
"Shoshone","Underdown","Mid.Burned.L.1",6,50,2215.5,0,0,0.96,57.4,187.71,0.765819428011913,193,169.17,0.678473507221412
"Shoshone","Underdown","Mid.Burned.L.2",0,50,2215.5,0,0,0.98,57.4,187.71,0.765819428011913,206,169.17,0.678473507221412
"Shoshone","Underdown","Mid.Burned.L.3",2,50,2223.4,0,0,1,57.4,187.71,0.765819428011913,188,169.17,0.678473507221412
"Shoshone","Underdown","Mid.Burned.M.1",0,50,2228.7,0,0,0.98,57.4,187.71,0.765819428011913,196,169.17,0.678473507221412
"Shoshone","Underdown","Mid.Burned.M.2",1,50,2234.9,0,0,1,57.4,187.71,0.765819428011913,200,169.17,0.678473507221412
"Shoshone","Underdown","Mid.Burned.M.3",0,50,2232.5,0,0,0.98,57.4,187.71,0.765819428011913,198,169.17,0.678473507221412
"Shoshone","Underdown","Mid.Control.E.2",0,50,2206.8,0,0,1,57.4,187.71,0.765819428011913,196,169.17,0.678473507221412
"Shoshone","Underdown","Mid.Control.E.3",1,50,2201.3,0,0,1,57.4,187.71,0.765819428011913,196,169.17,0.678473507221412
"Shoshone","Underdown","Mid.Control.L.1",0,50,2191.7,0,0,0.98,57.4,187.71,0.765819428011913,203,169.17,0.678473507221412
"Shoshone","Underdown","Mid.Control.L.3",5,50,2179.2,0,0,0.94,57.4,187.71,0.765819428011913,200,169.17,0.678473507221412
"Shoshone","Underdown","Mid.Control.M.1",8,50,2182.8,0,0,1,57.4,187.71,0.765819428011913,197,169.17,0.678473507221412
"Shoshone","Underdown","Mid.Control.M.2",1,50,2206.1,0,0,0.98,57.4,187.71,0.765819428011913,202,169.17,0.678473507221412
"Shoshone","Underdown","Mid.Control.M.3",10,50,2186.9,0,0,0.98,57.4,187.71,0.765819428011913,191,150.63,0.620887879812569
"Shoshone","Underdown","High.Control.M.1",2,30,2362.5,0,0,1,171.46,215.13,0.556481026410409,196,239.005,0.704301660232132
"Shoshone","Underdown","Low.Burned.M.1",3,30,2092.9,1,0,0.6,77.73,96.52,0.553916786226686,158,106.805,0.63747088796765
"Shoshone","Underdown","Low.Burned.M.2",1,30,2092.2,1,0,0.466666666666667,77.73,96.52,0.553916786226686,176,106.805,0.63747088796765
"Shoshone","Underdown","Low.Burned.M.3",3,30,2085.7,1,0,0.5,77.73,96.52,0.553916786226686,183,106.805,0.63747088796765
"Shoshone","Underdown","Low.Control.M.2",0,30,2060.9,0,0,0.933333333333333,77.73,96.52,0.553916786226686,187,106.805,0.63747088796765
"Shoshone","Underdown","Low.Control.M.3",1,30,2062.5,0,0,0.966666666666667,77.73,96.52,0.553916786226686,188,106.805,0.63747088796765
"Shoshone","Underdown","Mid.Burned.E.1",16,30,2234.2,1,0,0.866666666666667,122.17,150.63,0.55216275659824,198,169.17,0.678473507221412
"Shoshone","Underdown","Mid.Burned.E.2",2,30,2239.7,1,0,0.7,122.17,150.63,0.55216275659824,200,169.17,0.678473507221412
"Shoshone","Underdown","Mid.Burned.E.3",4,30,2236.9,1,0,0.933333333333333,122.17,150.63,0.55216275659824,195,169.17,0.678473507221412
"Shoshone","Underdown","Mid.Burned.L.1",3,30,2215.5,1,0,0.666666666666667,122.17,150.63,0.55216275659824,193,169.17,0.678473507221412
"Shoshone","Underdown","Mid.Burned.L.2",0,30,2215.5,1,0,0.0333333333333333,122.17,150.63,0.55216275659824,206,169.17,0.678473507221412
"Shoshone","Underdown","Mid.Burned.L.3",1,30,2223.4,1,0,0.333333333333333,122.17,150.63,0.55216275659824,188,169.17,0.678473507221412
"Shoshone","Underdown","Mid.Burned.M.1",1,30,2228.7,1,0,0.4,122.17,150.63,0.55216275659824,196,169.17,0.678473507221412
"Shoshone","Underdown","Mid.Burned.M.2",5,30,2234.9,1,0,0.833333333333333,122.17,150.63,0.55216275659824,200,169.17,0.678473507221412
"Shoshone","Underdown","Mid.Burned.M.3",1,30,2232.5,1,0,0.4,122.17,150.63,0.55216275659824,198,169.17,0.678473507221412
"Shoshone","Underdown","Mid.Control.E.2",0,30,2206.8,0,0,1,122.17,150.63,0.55216275659824,196,169.17,0.678473507221412
"Shoshone","Underdown","Mid.Control.E.3",4,30,2201.3,0,0,1,122.17,150.63,0.55216275659824,196,169.17,0.678473507221412
"Shoshone","Underdown","Mid.Control.L.1",1,30,2191.7,0,0,1,122.17,150.63,0.55216275659824,203,169.17,0.678473507221412
"Shoshone","Underdown","Mid.Control.L.3",3,30,2179.2,0,0,0.866666666666667,122.17,150.63,0.55216275659824,200,169.17,0.678473507221412
"Shoshone","Underdown","Mid.Control.M.1",7,30,2182.8,0,0,0.966666666666667,122.17,150.63,0.55216275659824,197,169.17,0.678473507221412
"Shoshone","Underdown","Mid.Control.M.2",0,30,2206.1,0,0,1,122.17,150.63,0.55216275659824,202,169.17,0.678473507221412
"Shoshone","Underdown","Mid.Control.M.3",6,30,2186.9,0,0,0.966666666666667,122.17,150.63,0.55216275659824,191,150.63,0.620887879812569
"Shoshone","Underdown","High.Control.M.1",2,30,2362.5,0,0,1,107.7,198.38,0.648131207527444,196,239.005,0.704301660232132
"Shoshone","Underdown","Low.Burned.M.1",2,30,2092.9,1,0,0.666666666666667,49.53,69.85,0.585106382978723,158,106.805,0.63747088796765
"Shoshone","Underdown","Low.Burned.M.2",3,30,2092.2,1,0,0.633333333333333,49.53,69.85,0.585106382978723,176,106.805,0.63747088796765
"Shoshone","Underdown","Low.Burned.M.3",5,30,2085.7,1,0,0.6,49.53,69.85,0.585106382978723,183,106.805,0.63747088796765
"Shoshone","Underdown","Low.Control.M.2",1,30,2060.9,0,0,0.933333333333333,49.53,69.85,0.585106382978723,187,106.805,0.63747088796765
"Shoshone","Underdown","Low.Control.M.3",1,30,2062.5,0,0,0.8,49.53,69.85,0.585106382978723,188,106.805,0.63747088796765
"Shoshone","Underdown","Mid.Burned.E.1",23,30,2234.2,1,0,1,78.48,128.53,0.620887879812569,198,169.17,0.678473507221412
"Shoshone","Underdown","Mid.Burned.E.2",5,30,2239.7,1,0,0.9,78.48,128.53,0.620887879812569,200,169.17,0.678473507221412
"Shoshone","Underdown","Mid.Burned.E.3",9,30,2236.9,1,0,0.966666666666667,78.48,128.53,0.620887879812569,195,169.17,0.678473507221412
"Shoshone","Underdown","Mid.Burned.L.1",7,30,2215.5,1,0,0.833333333333333,78.48,128.53,0.620887879812569,193,169.17,0.678473507221412
"Shoshone","Underdown","Mid.Burned.L.2",0,30,2215.5,1,0,0.166666666666667,78.48,128.53,0.620887879812569,206,169.17,0.678473507221412
"Shoshone","Underdown","Mid.Burned.L.3",1,30,2223.4,1,0,0.5,78.48,128.53,0.620887879812569,188,169.17,0.678473507221412
"Shoshone","Underdown","Mid.Burned.M.1",7,30,2228.7,1,0,0.466666666666667,78.48,128.53,0.620887879812569,196,169.17,0.678473507221412
"Shoshone","Underdown","Mid.Burned.M.2",8,30,2234.9,1,0,0.866666666666667,78.48,128.53,0.620887879812569,200,169.17,0.678473507221412
"Shoshone","Underdown","Mid.Burned.M.3",2,30,2232.5,1,0,0.6,78.48,128.53,0.620887879812569,198,169.17,0.678473507221412
"Shoshone","Underdown","Mid.Control.E.2",0,30,2206.8,0,0,0.966666666666667,78.48,128.53,0.620887879812569,196,169.17,0.678473507221412
"Shoshone","Underdown","Mid.Control.E.3",0,30,2201.3,0,0,0.933333333333333,78.48,128.53,0.620887879812569,196,169.17,0.678473507221412
"Shoshone","Underdown","Mid.Control.L.1",0,30,2191.7,0,0,0.933333333333333,78.48,128.53,0.620887879812569,203,169.17,0.678473507221412
"Shoshone","Underdown","Mid.Control.L.3",3,30,2179.2,0,0,0.866666666666667,78.48,128.53,0.620887879812569,200,169.17,0.678473507221412
"Shoshone","Underdown","Mid.Control.M.1",4,30,2182.8,0,0,0.933333333333333,78.48,128.53,0.620887879812569,197,169.17,0.678473507221412
"Shoshone","Underdown","Mid.Control.M.2",1,30,2206.1,0,0,0.933333333333333,78.48,128.53,0.620887879812569,202,169.17,0.678473507221412
"Shoshone","Underdown","Mid.Control.M.3",6,30,2186.9,0,0,0.9,78.48,128.53,0.620887879812569,191,150.63,0.620887879812569
"Monitor","Allison","AL15",1,31,2325,0,1,0.761904761904762,77,202,0.724014336917563,230,133,0.733333333333333
"Monitor","Allison","AL20",4,31,2227,0,1,0.523809523809524,67,170,0.717299578059072,206,112,0.73469387755102
"Shoshone","Riley","RI01.1",6,25,2065,0,1,0.4,71,178,0.714859437751004,217,94,0.709124634129739
"Shoshone","Riley","RI01.2",5,31,2115,0,1,0.476190476190476,71,178,0.714859437751004,182,94,0.709124634129739
"Shoshone","Riley","RI02.1",3,31,2147,0,1,0.80952380952381,71,178,0.714859437751004,200,94,0.709124634129739
"Shoshone","Riley","RI02.2",2,31,2182,0,1,0.666666666666667,71,178,0.714859437751004,203,94,0.709124634129739
"Shoshone","Riley","RI03.1",1,31,2259,0,1,0.952380952380952,71,178,0.714859437751004,221,94,0.709124634129739
"Shoshone","Riley","RI04.1",0,31,2368,0,1,0.857142857142857,85,238,0.736842105263158,208,125,0.721988165680473
"Shoshone","Riley","RI04.2",0,31,2412,0,1,0.904761904761905,85,238,0.736842105263158,224,125,0.721988165680473
"Shoshone","Riley","RI05.1",7,31,2483,0,1,0.714285714285714,108,349,0.763676148796499,210,198,0.733132379073139
"Shoshone","Riley","RI05.2",0,31,2545,0,1,0.761904761904762,85,238,0.736842105263158,204,125,0.721988165680473
"Monitor","Ryegrass","RY05",1,31,2337,0,1,0.619047619047619,79,208,0.724738675958188,197,135,0.730088495575221
"Toiyabe","Stewart","SW00.1",0,31,2605,0,0,0.952380952380952,102,286,0.737113402061856,148,160.5,0.714001770338778
"Toiyabe","Stewart","SW03.2",0,31,2897,0,0,0.666666666666667,143,419,0.745551601423488,199,238.5,0.706870426491241
"Toiyabe","Stewart","SW05.2",0,31,3067,0,0,0.761904761904762,143,419,0.745551601423488,250,238.5,0.706870426491241
"Toiyabe","Stewart","SW06.1",0,31,3162,0,0,0.952380952380952,142,414,0.744604316546763,242,235,0.703159862509799
"Shoshone","Underdown","UN01.1",4,24,2027,0,1,0.142857142857143,64,141,0.68780487804878,219,70,0.679268292682927
"Shoshone","Underdown","UN02.1",5,31,2114,0,1,0.761904761904762,64,141,0.68780487804878,195,70,0.679268292682927
"Shoshone","Underdown","UN02.2",11,31,2147,1,1,0.380952380952381,85,238,0.736842105263158,220,152,0.721988165680473
"Shoshone","Underdown","UN03.1",6,31,2207,1,1,0.714285714285714,85,238,0.736842105263158,213,152,0.721988165680473
"Shoshone","Underdown","UN03.2",13,31,2246,1,1,0.714285714285714,85,238,0.736842105263158,210,152,0.721988165680473
"Shoshone","Underdown","UN04.1",0,31,2296,0,1,0.80952380952381,85,238,0.736842105263158,208,125,0.721988165680473
"Shoshone","Underdown","UN04.2",2,31,2365,0,1,0.714285714285714,108,349,0.763676148796499,209,198,0.733132379073139
"Shoshone","Underdown","UN07.1",0,31,2634,0,1,1,108,349,0.763676148796499,190,198,0.733132379073139
"Shoshone","Underdown","UN07.2",1,31,2657,0,1,0.857142857142857,108,349,0.763676148796499,219,198,0.733132379073139
"Monitor","Wallace","WL01",15,24,2134,0,1,0.857142857142857,61,153,0.714953271028037,212,94,0.728813559322034
"Monitor","Wallace","WL02",1,24,2155,0,1,0.5,61,153,0.714953271028037,235,94,0.728813559322034
"Monitor","Wallace","WL04",3,31,2204,0,1,0.333333333333333,74,197,0.726937269372694,220,128,0.737556561085973
"Monitor","Wallace","WL05",1,24,2313,0,1,0.642857142857143,74,197,0.726937269372694,174,128,0.737556561085973
"Monitor","Wallace","WL06",0,31,2327,0,1,0.523809523809524,74,197,0.726937269372694,226,128,0.737556561085973
"Monitor","Wallace","WL07",2,31,2347,0,1,0.571428571428571,74,197,0.726937269372694,226,128,0.737556561085973
"Monitor","Wallace","WL08",3,31,2364,0,1,0.714285714285714,74,197,0.726937269372694,190,145.5,0.743778280542986
"Monitor","Wallace","WL09",3,31,2423,0,1,0.523809523809524,82,224,0.73202614379085,218,146,0.735537190082645
"Toiyabe","Washington","WS03.3",0,31,2395,0,1,0.523809523809524,133,389,0.745210727969349,225,218,0.729096989966555
"Toiyabe","Washington","WS04.1",2,24,2443,0,1,0.285714285714286,133,389,0.745210727969349,208,218,0.729096989966555
"Toiyabe","Washington","WS04.2",13,24,2485,0,1,0.214285714285714,133,389,0.745210727969349,231,218,0.729096989966555
"Toiyabe","Washington","WS04.3",0,31,2503,0,1,0.523809523809524,133,389,0.745210727969349,238,218,0.729096989966555
"Toiyabe","Washington","WS05.1",11,31,2539,0,1,0.714285714285714,133,389,0.745210727969349,223,218,0.729096989966555
"Toiyabe","Washington","WS05.2",1,24,2570,0,1,0.714285714285714,133,389,0.745210727969349,222,218,0.729096989966555
"Toiyabe","Washington","WS05.3",0,31,2585,0,1,0.904761904761905,133,389,0.745210727969349,219,218,0.729096989966555
"Shoshone","Underdown","High.Control.M.1",0,30,2362.5,0,0,0.8,108.2,349.25,0.763471417641272,196,239.005,0.704301660232132
"Shoshone","Underdown","Low.Burned.M.1",2,30,2092.9,1,0,0.566666666666667,63.5,141.23,0.689835392956577,158,106.805,0.63747088796765
"Shoshone","Underdown","Low.Burned.M.2",12,30,2092.2,1,0,0.766666666666667,63.5,141.23,0.689835392956577,176,106.805,0.63747088796765
"Shoshone","Underdown","Low.Burned.M.3",21,30,2085.7,1,0,0.466666666666667,63.5,141.23,0.689835392956577,183,106.805,0.63747088796765
"Shoshone","Underdown","Low.Control.M.2",0,30,2060.9,0,0,0.766666666666667,63.5,141.23,0.689835392956577,187,106.805,0.63747088796765
"Shoshone","Underdown","Low.Control.M.3",0,30,2062.5,0,0,0.666666666666667,63.5,141.23,0.689835392956577,188,106.805,0.63747088796765
"Shoshone","Underdown","Mid.Burned.E.1",24,30,2234.2,1,0,0.7,85.34,237.99,0.736059134630254,198,169.17,0.678473507221412
"Shoshone","Underdown","Mid.Burned.E.2",12,30,2239.7,1,0,0.766666666666667,85.34,237.99,0.736059134630254,200,169.17,0.678473507221412
"Shoshone","Underdown","Mid.Burned.E.3",13,30,2236.9,1,0,0.8,85.34,237.99,0.736059134630254,195,169.17,0.678473507221412
"Shoshone","Underdown","Mid.Burned.L.1",10,30,2215.5,1,0,0.8,85.34,237.99,0.736059134630254,193,169.17,0.678473507221412
"Shoshone","Underdown","Mid.Burned.L.2",2,30,2215.5,1,0,0.6,85.34,237.99,0.736059134630254,206,169.17,0.678473507221412
"Shoshone","Underdown","Mid.Burned.L.3",12,30,2223.4,1,0,0.766666666666667,85.34,237.99,0.736059134630254,188,169.17,0.678473507221412
"Shoshone","Underdown","Mid.Burned.M.1",15,30,2228.7,1,0,0.733333333333333,85.34,237.99,0.736059134630254,196,169.17,0.678473507221412
"Shoshone","Underdown","Mid.Burned.M.2",8,30,2234.9,1,0,0.733333333333333,85.34,237.99,0.736059134630254,200,169.17,0.678473507221412
"Shoshone","Underdown","Mid.Burned.M.3",14,30,2232.5,1,0,0.8,85.34,237.99,0.736059134630254,198,169.17,0.678473507221412
"Shoshone","Underdown","Mid.Control.E.2",1,30,2206.8,0,0,0.8,85.34,237.99,0.736059134630254,196,169.17,0.678473507221412
"Shoshone","Underdown","Mid.Control.E.3",0,30,2201.3,0,0,0.7,85.34,237.99,0.736059134630254,196,169.17,0.678473507221412
"Shoshone","Underdown","Mid.Control.L.1",1,30,2191.7,0,0,0.7,85.34,237.99,0.736059134630254,203,169.17,0.678473507221412
"Shoshone","Underdown","Mid.Control.L.3",1,30,2179.2,0,0,0.766666666666667,85.34,237.99,0.736059134630254,200,169.17,0.678473507221412
"Shoshone","Underdown","Mid.Control.M.1",4,30,2182.8,0,0,0.733333333333333,85.34,237.99,0.736059134630254,197,169.17,0.678473507221412
"Shoshone","Underdown","Mid.Control.M.2",0,30,2206.1,0,0,0.833333333333333,85.34,237.99,0.736059134630254,202,169.17,0.678473507221412
"Monitor","Dobbin East","DE05.3",0,21,2546,0,0,0.238095238095238,84,183,0.685393258426966,238,175.5,0.704235090751945
"Monitor","Dobbin East","DE06.1",3,21,2486,0,0,0.476190476190476,84,183,0.685393258426966,233,175.5,0.704235090751945
"Monitor","Dobbin West","DW01.2",1,21,2311,0,0,0.619047619047619,74,149,0.668161434977579,199,142,0.694080717488789
"Toiyabe","Birch","BI0B1",13,31,1900,1,1,0.476190476190476,46,132,0.741573033707865,206,132,0.720588235294118
"Toiyabe","Birch","BI0B2",10,31,1920,1,1,0.714285714285714,46,132,0.741573033707865,205,132,0.720588235294118
"Toiyabe","Birch","BI0B3",18,31,1929,1,1,0.523809523809524,46,132,0.741573033707865,208,132,0.720588235294118
"Toiyabe","Birch","BI0B4",17,31,1960,1,1,0.428571428571429,46,132,0.741573033707865,227,132,0.720588235294118
"Monitor","Barley","BL01",0,31,2249,0,1,0.523809523809524,34,124,0.784810126582278,214,110,0.735294117647059
"Monitor","Barley","BL03",0,31,2225,0,1,0.285714285714286,34,124,0.784810126582278,210,110,0.735294117647059
"Monitor","Barley","BL04",0,28,2241,0,1,0.5,48,191,0.799163179916318,214,165,0.744186046511628
"Monitor","Barley","BL05",0,31,2245,0,1,0.285714285714286,48,191,0.799163179916318,218,165,0.744186046511628
"Monitor","Barley","BL08",0,31,2275,0,1,0.761904761904762,48,191,0.799163179916318,221,165,0.744186046511628
"Monitor","Barley","BL09",1,31,2283,0,1,0.428571428571429,48,191,0.799163179916318,220,165,0.744186046511628
"Monitor","Barley","BL11",0,31,2318,0,1,0.476190476190476,48,191,0.799163179916318,205,165,0.744186046511628
"Monitor","Barley","BL12",3,31,2345,0,1,0.380952380952381,60,254,0.808917197452229,229,216,0.756183745583039
"Monitor","Barley","BL13",0,31,2359,0,1,0.523809523809524,60,254,0.808917197452229,178,216,0.756183745583039
"Monitor","Barley","BL14",0,31,2376,0,1,0.333333333333333,60,254,0.808917197452229,222,216,0.756183745583039
"Monitor","Barley","BL15",0,31,2389,0,1,0.523809523809524,60,254,0.808917197452229,246,216,0.756183745583039
"Toiyabe","Grass Springs","GS01",15,31,2179,1,0.666666667,0.285714285714286,54,160,0.747663551401869,183,159.5,0.716134268276847
"Toiyabe","Grass Springs","GS02",0,31,2134,1,0.666666667,0.80952380952381,54,160,0.747663551401869,184,159.5,0.716134268276847
"Toiyabe","Grass Springs","GS03",0,31,2085,1,0.666666667,0.19047619047619,54,160,0.747663551401869,229,159.5,0.716134268276847
"Toiyabe","Grass Springs","GS04",2,31,2079,1,0.666666667,0.19047619047619,54,160,0.747663551401869,220,159.5,0.716134268276847
"Toiyabe","Grass Springs","GS05",7,31,2087,1,0.666666667,0.476190476190476,54,160,0.747663551401869,209,159.5,0.716134268276847
"Toiyabe","Grass Springs","GS06",9,31,2108,1,0.666666667,0.571428571428571,54,160,0.747663551401869,205,159.5,0.716134268276847
"Toiyabe","Grass Springs","GS07",24,31,2145,1,0.666666667,0.238095238095238,54,160,0.747663551401869,190,159.5,0.716134268276847
"Toiyabe","Grass Springs","GS08",18,31,2129,1,0.666666667,0.428571428571429,54,160,0.747663551401869,160,159.5,0.716134268276847
"Toiyabe","Grass Springs","GS09",24,31,2078,1,0.666666667,0.0476190476190476,54,160,0.747663551401869,207,159.5,0.716134268276847
"Toiyabe","Grass Springs","GS10",5,31,2062,1,0.666666667,0.333333333333333,54,160,0.747663551401869,206,159.5,0.716134268276847
"Shoshone","Underdown","UN0B1",16,31,2083,1,1,0.571428571428571,40,104,0.722222222222222,183,104,0.68780487804878
"Shoshone","Underdown","UN0B2",8,31,2129,1,1,0.761904761904762,57,175,0.754310344827586,191,175,0.728
"Shoshone","Underdown","UN0B3",15,31,2135,1,1,0.285714285714286,57,175,0.754310344827586,188,175,0.728
"Shoshone","Underdown","UN0B4",18,31,2137,1,1,0.428571428571429,57,175,0.754310344827586,206,175,0.728
"Shoshone","Underdown","UN0B5",14,31,2231,1,1,0.80952380952381,57,175,0.754310344827586,198,175,0.728
"Shoshone","Underdown","UN0B6",2,31,2245,1,1,0.80952380952381,57,175,0.754310344827586,193,175,0.728
"Shoshone","Underdown","UN0B7",1,31,2259,1,1,0.714285714285714,57,175,0.754310344827586,203,175,0.728
"Toiyabe","Wall","WA0B1",27,31,2174,1,1,0,47,133,0.738888888888889,214,133,0.695488721804511
"Toiyabe","Wall","WA0B2",30,31,2212,1,1,0.19047619047619,64,183,0.740890688259109,172,183,0.694623655913978
"Toiyabe","Wall","WA0B3",27,31,2227,1,1,0,64,183,0.740890688259109,228,183,0.694623655913978
"Toiyabe","Wall","WA0B4",25,30,2263,1,1,0.238095238095238,64,183,0.740890688259109,236,183,0.694623655913978
"Toiyabe","Wall","WA0B5",24,31,2267,1,1,0.0476190476190476,64,183,0.740890688259109,216,183,0.694623655913978
"Toiyabe","Wall","WA0B6",25,31,2321,1,1,0.142857142857143,64,183,0.740890688259109,190,183,0.694623655913978
"Toiyabe","Wall","WA0B7",27,31,2372,1,1,0,64,183,0.740890688259109,197,183,0.694623655913978
"Toiyabe","Birch","BI0B1",27,31,1900,1,0.75,0.428571428571429,127,132,0.50965250965251,206,132,0.720588235294118
"Toiyabe","Birch","BI0B2",22,31,1920,1,0.75,0.80952380952381,127,132,0.50965250965251,205,132,0.720588235294118
"Toiyabe","Birch","BI0B3",26,31,1929,1,0.75,0.285714285714286,127,132,0.50965250965251,208,132,0.720588235294118
"Toiyabe","Birch","BI0B4",11,23,1960,1,0.75,0.384615384615385,127,132,0.50965250965251,227,132,0.720588235294118
"Toiyabe","Grass Springs","GS01",20,31,2179,1,0.75,0.428571428571429,138,159,0.535353535353535,183,159.5,0.716134268276847
"Toiyabe","Grass Springs","GS02",8,31,2134,1,0.75,0.619047619047619,138,159,0.535353535353535,184,159.5,0.716134268276847
"Toiyabe","Grass Springs","GS03",1,31,2085,1,0.75,0.333333333333333,138,159,0.535353535353535,229,159.5,0.716134268276847
"Toiyabe","Grass Springs","GS04",5,31,2079,1,0.75,0.19047619047619,138,159,0.535353535353535,220,159.5,0.716134268276847
"Toiyabe","Grass Springs","GS05",13,31,2087,1,0.75,0.476190476190476,138,159,0.535353535353535,209,159.5,0.716134268276847
"Toiyabe","Grass Springs","GS06",18,31,2108,1,0.75,0.476190476190476,138,159,0.535353535353535,205,159.5,0.716134268276847
"Toiyabe","Grass Springs","GS07",28,31,2145,1,0.75,0.0952380952380952,138,159,0.535353535353535,190,159.5,0.716134268276847
"Toiyabe","Grass Springs","GS08",22,31,2129,1,0.75,0.476190476190476,138,159,0.535353535353535,160,159.5,0.716134268276847
"Toiyabe","Grass Springs","GS09",30,31,2078,1,0.75,0.0952380952380952,138,159,0.535353535353535,207,159.5,0.716134268276847
"Toiyabe","Grass Springs","GS10",11,31,2062,1,0.75,0.476190476190476,138,159,0.535353535353535,206,159.5,0.716134268276847
"Shoshone","Underdown","UN02.2",16,31,2147,1,1,0.666666666666667,162,175,0.519287833827893,220,152,0.721988165680473
"Shoshone","Underdown","UN03.1",16,31,2207,1,1,0.666666666666667,162,175,0.519287833827893,213,152,0.721988165680473
"Shoshone","Underdown","UN03.2",18,31,2246,1,1,0.571428571428571,162,175,0.519287833827893,210,152,0.721988165680473
"Shoshone","Underdown","UN0B1",18,31,2083,1,1,0.285714285714286,103,97,0.485,183,104,0.68780487804878
"Shoshone","Underdown","UN0B2",17,31,2129,1,1,0.19047619047619,162,175,0.519287833827893,191,175,0.728
"Shoshone","Underdown","UN0B3",22,31,2135,1,1,0.285714285714286,162,175,0.519287833827893,188,175,0.728
"Shoshone","Underdown","UN0B4",23,31,2137,1,1,0.428571428571429,162,175,0.519287833827893,206,175,0.728
"Shoshone","Underdown","UN0B5",23,31,2231,1,1,0.714285714285714,162,175,0.519287833827893,198,175,0.728
"Shoshone","Underdown","UN0B6",1,31,2245,1,1,0.761904761904762,162,175,0.519287833827893,193,175,0.728
"Shoshone","Underdown","UN0B7",3,31,2259,1,1,0.523809523809524,162,175,0.519287833827893,203,175,0.728
"Toiyabe","Wall","WA03.2",24,31,2201,1,1,0.714285714285714,135,138,0.505494505494505,231,119.5,0.68984962406015
"Toiyabe","Wall","WA04.1",21,31,2260,0,1,0.0952380952380952,183,190,0.509383378016086,222,148,0.669260700389105
"Toiyabe","Wall","WA04.2",17,31,2303,1,1,0.523809523809524,183,190,0.509383378016086,199,148,0.694623655913978
"Toiyabe","Wall","WA05.1",29,31,2356,1,1,0.523809523809524,183,190,0.509383378016086,193,160,0.681942178151542
"Toiyabe","Wall","WA05.2",22,31,2414,1,1,0.428571428571429,183,190,0.509383378016086,223,148,0.694623655913978
"Toiyabe","Wall","WA06.1",25,31,2405,1,1,0.238095238095238,183,190,0.509383378016086,237,160,0.681942178151542
"Toiyabe","Wall","WA0B1",29,31,2174,1,1,0.0476190476190476,135,138,0.505494505494505,214,133,0.695488721804511
"Toiyabe","Wall","WA0B2",29,31,2212,1,1,0.0952380952380952,183,190,0.509383378016086,172,183,0.694623655913978
"Toiyabe","Wall","WA0B3",26,31,2227,1,1,0.0476190476190476,183,190,0.509383378016086,228,183,0.694623655913978
"Toiyabe","Wall","WA0B4",21,31,2263,1,1,0.0476190476190476,183,190,0.509383378016086,236,183,0.694623655913978
"Toiyabe","Wall","WA0B5",28,31,2267,1,1,0.428571428571429,183,190,0.509383378016086,216,183,0.694623655913978
"Toiyabe","Wall","WA0B6",22,31,2321,1,1,0,183,190,0.509383378016086,190,183,0.694623655913978
"Toiyabe","Wall","WA0B7",28,31,2372,1,1,0.19047619047619,183,190,0.509383378016086,197,183,0.694623655913978
"Toiyabe","Birch","BI0B1",30,31,1900,1,0.833333333,0.571428571428571,94,235,0.714285714285714,206,132,0.720588235294118
"Toiyabe","Birch","BI0B2",29,31,1920,1,0.833333333,0.523809523809524,94,235,0.714285714285714,205,132,0.720588235294118
"Toiyabe","Birch","BI0B3",29,31,1929,1,0.833333333,0.714285714285714,94,235,0.714285714285714,208,132,0.720588235294118
"Toiyabe","Birch","BI0B4",17,31,1960,1,0.833333333,0.571428571428571,94,235,0.714285714285714,227,132,0.720588235294118
"Toiyabe","Birch","BISG01",20,31,1923,1,0.833333333,0.619047619047619,94,235,0.714285714285714,220,164,0.720588235294118
"Toiyabe","Birch","BISG02",20,31,1919,1,0.833333333,0.476190476190476,94,235,0.714285714285714,234,164,0.720588235294118
"Toiyabe","Birch","BISG03",18,31,1905,1,0.833333333,0.714285714285714,94,235,0.714285714285714,205,164,0.720588235294118
"Toiyabe","Birch","BISG04",13,22,1904,1,0.833333333,0.8125,94,235,0.714285714285714,188,164,0.720588235294118
"Toiyabe","Birch","BISG05",21,31,1898,1,0.833333333,0.80952380952381,94,235,0.714285714285714,215,164,0.720588235294118
"Toiyabe","Birch","BISG06",20,31,1894,1,0.833333333,0.714285714285714,94,235,0.714285714285714,206,164,0.720588235294118
"Toiyabe","Birch","BISG07",20,31,1894,1,0.833333333,0.523809523809524,94,235,0.714285714285714,204,164,0.720588235294118
"Toiyabe","Birch","BISG08",21,31,1886,1,0.833333333,0.238095238095238,94,235,0.714285714285714,206,164,0.720588235294118
"Monitor","Elkhorn","EH01",0,31,2275,1,1,0.0476190476190476,138,315,0.695364238410596,202,149,0.714912280701754
"Monitor","Elkhorn","EH02",0,31,2318,1,1,0.238095238095238,138,315,0.695364238410596,215,149,0.714912280701754
"Monitor","Elkhorn","EH03",3,31,2334,1,1,0,138,315,0.695364238410596,180,149,0.714912280701754
"Monitor","Elkhorn","EH04",2,31,2351,1,1,0,138,315,0.695364238410596,240,149,0.714912280701754
"Monitor","Elkhorn","EHSG01",0,31,2307,1,1,0.0952380952380952,138,315,0.695364238410596,207,163,0.714912280701754
"Monitor","Elkhorn","EHSG02",0,31,2302,1,1,0.904761904761905,138,315,0.695364238410596,202,163,0.714912280701754
"Monitor","Elkhorn","EHSG03",3,31,2307,1,1,0.0476190476190476,138,315,0.695364238410596,197,163,0.714912280701754
"Monitor","Elkhorn","EHSG04",0,31,2297,1,1,0.142857142857143,138,315,0.695364238410596,199,163,0.714912280701754
"Monitor","Elkhorn","EHSG05",0,31,2319,1,1,0,138,315,0.695364238410596,205,163,0.714912280701754
"Monitor","Elkhorn","EHSG06",1,31,2304,1,1,0.0476190476190476,138,315,0.695364238410596,202,163,0.714912280701754
"Monitor","Elkhorn","EHSG07",0,30,2320,1,1,0,138,315,0.695364238410596,213,163,0.714912280701754
"Monitor","Elkhorn","EHSG08",1,31,2305,1,1,0,138,315,0.695364238410596,215,163,0.714912280701754
"Monitor","Elkhorn","EHSG09",0,31,2325,1,1,0,138,315,0.695364238410596,231,163,0.714912280701754
"Monitor","Elkhorn","EHSG10",0,31,2314,1,1,0,138,315,0.695364238410596,242,163,0.714912280701754
"Toiyabe","Grass Springs","GS01",31,31,2179,1,0.833333333,0.428571428571429,118,262,0.689473684210526,183,159.5,0.716134268276847
"Toiyabe","Grass Springs","GS02",20,31,2134,1,0.833333333,0.80952380952381,118,262,0.689473684210526,184,159.5,0.716134268276847
"Toiyabe","Grass Springs","GS03",27,31,2085,1,0.833333333,0.380952380952381,118,262,0.689473684210526,229,159.5,0.716134268276847
"Toiyabe","Grass Springs","GS04",29,31,2079,1,0.833333333,0.333333333333333,118,262,0.689473684210526,220,159.5,0.716134268276847
"Toiyabe","Grass Springs","GS05",31,31,2087,1,0.833333333,0.666666666666667,118,262,0.689473684210526,209,159.5,0.716134268276847
"Toiyabe","Grass Springs","GS06",31,31,2108,1,0.833333333,0.380952380952381,118,262,0.689473684210526,205,159.5,0.716134268276847
"Toiyabe","Grass Springs","GS07",29,31,2145,1,0.833333333,0.142857142857143,118,262,0.689473684210526,190,159.5,0.716134268276847
"Toiyabe","Grass Springs","GS08",27,31,2129,1,0.833333333,0.476190476190476,118,262,0.689473684210526,160,159.5,0.716134268276847
"Toiyabe","Grass Springs","GS09",30,31,2078,1,0.833333333,0.238095238095238,118,262,0.689473684210526,207,159.5,0.716134268276847
"Toiyabe","Grass Springs","GS10",28,31,2062,1,0.833333333,0.523809523809524,118,262,0.689473684210526,206,159.5,0.716134268276847
"Toiyabe","Grass Springs","GSSG01",17,31,2089,1,0.833333333,0.80952380952381,118,262,0.689473684210526,207,182,0.713725490196078
"Toiyabe","Grass Springs","GSSG02",31,31,2091,1,0.833333333,0.714285714285714,118,262,0.689473684210526,202,182,0.713725490196078
"Toiyabe","Grass Springs","GSSG03",14,31,2090,1,0.833333333,0.857142857142857,118,262,0.689473684210526,199,182,0.713725490196078
"Toiyabe","Grass Springs","GSSG04",28,31,2095,1,0.833333333,0.904761904761905,118,262,0.689473684210526,204,182,0.713725490196078
"Toiyabe","Grass Springs","GSSG05",22,31,2097,1,0.833333333,0.952380952380952,118,262,0.689473684210526,201,182,0.713725490196078
"Toiyabe","Grass Springs","GSSG06",27,31,2099,1,0.833333333,0.476190476190476,118,262,0.689473684210526,203,182,0.713725490196078
"Toiyabe","Grass Springs","GSSG07",30,31,2099,1,0.833333333,0.666666666666667,118,262,0.689473684210526,201,182,0.713725490196078
"Toiyabe","Grass Springs","GSSG08",31,31,2104,1,0.833333333,0.333333333333333,118,262,0.689473684210526,200,182,0.713725490196078
"Toiyabe","Grass Springs","GSSG09",30,31,2112,1,0.833333333,0.523809523809524,118,262,0.689473684210526,187,182,0.713725490196078
"Toiyabe","Grass Springs","GSSG10",27,31,2109,1,0.833333333,0.571428571428571,118,262,0.689473684210526,204,182,0.713725490196078
"Toiyabe","Grass Springs","GSSG11",31,31,2117,1,0.833333333,0.238095238095238,118,262,0.689473684210526,186,182,0.713725490196078
"Toiyabe","Grass Springs","GSSG12",30,31,2110,1,0.833333333,0.19047619047619,118,262,0.689473684210526,196,182,0.713725490196078
"Shoshone","Underdown","UN02.2",27,31,2147,1,1,0.904761904761905,104,303,0.744471744471744,220,152,0.721988165680473
"Shoshone","Underdown","UN03.1",28,31,2207,1,1,0.619047619047619,104,303,0.744471744471744,213,152,0.721988165680473
"Shoshone","Underdown","UN03.2",23,31,2246,1,1,0.523809523809524,104,303,0.744471744471744,210,152,0.721988165680473
"Shoshone","Underdown","UN0B1",31,31,2083,1,1,0.952380952380952,60,190,0.76,183,104,0.68780487804878
"Shoshone","Underdown","UN0B2",30,31,2129,1,1,0.80952380952381,104,303,0.744471744471744,191,175,0.728
"Shoshone","Underdown","UN0B3",30,31,2135,1,1,0.523809523809524,104,303,0.744471744471744,188,175,0.728
"Shoshone","Underdown","UN0B4",31,31,2137,1,1,0.285714285714286,104,303,0.744471744471744,206,175,0.728
"Shoshone","Underdown","UN0B5",28,31,2231,1,1,0.285714285714286,104,303,0.744471744471744,198,175,0.728
"Shoshone","Underdown","UN0B6",29,31,2245,1,1,0.666666666666667,104,303,0.744471744471744,193,175,0.728
"Shoshone","Underdown","UN0B7",27,31,2259,1,1,0.523809523809524,104,303,0.744471744471744,203,175,0.728
"Toiyabe","Wall","WA03.1",17,31,2151,1,1,0.380952380952381,101,243,0.706395348837209,202,109,0.695488721804511
"Toiyabe","Wall","WA03.2",29,31,2201,1,1,0.285714285714286,101,243,0.706395348837209,231,119.5,0.68984962406015
"Toiyabe","Wall","WA04.2",31,31,2303,1,1,0.142857142857143,142,323,0.694623655913978,199,148,0.694623655913978
"Toiyabe","Wall","WA05.1",29,31,2356,1,1,0.333333333333333,142,323,0.694623655913978,193,160,0.681942178151542
"Toiyabe","Wall","WA05.2",29,31,2414,1,1,0.19047619047619,142,323,0.694623655913978,223,148,0.694623655913978
"Toiyabe","Wall","WA06.1",22,31,2405,1,1,0.0952380952380952,142,323,0.694623655913978,237,160,0.681942178151542
"Toiyabe","Wall","WA0B1",31,31,2174,1,1,0.0952380952380952,101,243,0.706395348837209,214,133,0.695488721804511
"Toiyabe","Wall","WA0B2",28,31,2212,1,1,0.19047619047619,142,323,0.694623655913978,172,183,0.694623655913978
"Toiyabe","Wall","WA0B3",28,31,2227,1,1,0.0476190476190476,142,323,0.694623655913978,228,183,0.694623655913978
"Toiyabe","Wall","WA0B4",27,31,2263,1,1,0.238095238095238,142,323,0.694623655913978,236,183,0.694623655913978
"Toiyabe","Wall","WA0B5",26,31,2267,1,1,0.0952380952380952,142,323,0.694623655913978,216,183,0.694623655913978
"Toiyabe","Wall","WA0B6",27,31,2321,1,1,0.0952380952380952,142,323,0.694623655913978,190,183,0.694623655913978
"Toiyabe","Wall","WA0B7",22,31,2372,1,1,0.142857142857143,142,323,0.694623655913978,197,183,0.694623655913978
"Toiyabe","Wall","WASG01",29,31,2191,1,1,0.285714285714286,101,243,0.706395348837209,202,130,0.706395348837209
"Toiyabe","Wall","WASG02",31,31,2203,1,1,0.333333333333333,101,243,0.706395348837209,221,130,0.706395348837209
"Toiyabe","Wall","WASG03",29,31,2192,1,1,0.428571428571429,101,243,0.706395348837209,203,130,0.706395348837209
"Toiyabe","Wall","WASG04",28,31,2198,1,1,0.285714285714286,101,243,0.706395348837209,159,130,0.706395348837209
"Toiyabe","Wall","WASG05",30,31,2207,1,1,0.285714285714286,101,243,0.706395348837209,202,130,0.706395348837209
"Toiyabe","Wall","WASG06",30,31,2206,1,1,0.238095238095238,101,243,0.706395348837209,212,130,0.706395348837209
"Toiyabe","Wall","WASG07",31,31,2208,1,1,0.0476190476190476,101,243,0.706395348837209,171,130,0.706395348837209
"Toiyabe","Wall","WASG08",30,31,2214,1,1,0.380952380952381,101,243,0.706395348837209,169,130,0.706395348837209
"Toiyabe","Wall","WASG09",31,31,2243,1,1,0.142857142857143,142,323,0.694623655913978,211,172,0.694623655913978
"Toiyabe","Wall","WASG10",30,31,2265,1,1,0.238095238095238,142,323,0.694623655913978,192,172,0.694623655913978
"Toiyabe","Wall","WASG11",29,31,2254,1,1,0.333333333333333,142,323,0.694623655913978,212,172,0.694623655913978
"Toiyabe","Wall","WASG12",30,31,2268,1,1,0.238095238095238,142,323,0.694623655913978,175,172,0.694623655913978
"Shoshone","Becker","BE01.1",2,31,2166,0,1,0.619047619047619,28,76,0.730769230769231,163,76,0.695652173913043
"Shoshone","Becker","BE01.2",0,31,2188,0,1,0.904761904761905,28,76,0.730769230769231,197,76,0.695652173913043
"Shoshone","Becker","BE02.1",6,31,2241,0,1,0.571428571428571,50,141,0.738219895287958,187,146,0.738219895287958
"Shoshone","Becker","BE02.2",9,31,2248,0,1,0.571428571428571,50,141,0.738219895287958,228,146,0.738219895287958
"Toiyabe","Birch","BI01.1",4,26,1966,0,0.857142857,0.5,36,105,0.74468085106383,197,105,0.720588235294118
"Toiyabe","Birch","BI01.2",1,31,1991,0,0.857142857,0.80952380952381,36,105,0.74468085106383,229,105,0.720588235294118
"Toiyabe","Birch","BI02.1",4,27,2058,0,0.857142857,0.588235294117647,77,204,0.725978647686833,216,236,0.726153846153846
"Toiyabe","Birch","BI02.2",8,25,2105,0,0.857142857,0.533333333333333,77,204,0.725978647686833,111,236,0.726153846153846
"Toiyabe","Birch","BI03.1",1,26,2122,0,0.857142857,0.0625,77,204,0.725978647686833,252,236,0.726153846153846
"Toiyabe","Birch","BI03.2",4,31,2153,0,0.857142857,0.380952380952381,70,191,0.731800766283525,227,214,0.727891156462585
"Toiyabe","Birch","BI03.3",4,31,2158,0,0.857142857,0.761904761904762,70,191,0.731800766283525,221,202.5,0.729845961373055
"Toiyabe","Birch","BI04.1",1,31,2211,0,0.857142857,0.523809523809524,70,191,0.731800766283525,234,214,0.727891156462585
"Toiyabe","Birch","BI04.2",9,31,2231,0,0.857142857,0.428571428571429,70,191,0.731800766283525,239,214,0.727891156462585
"Toiyabe","Birch","BI04.3",4,31,2324,0,0.857142857,0.714285714285714,70,191,0.731800766283525,208,214,0.727891156462585
"Toiyabe","Birch","BI05.1",9,31,2376,0,0.857142857,0.333333333333333,70,191,0.731800766283525,243,202.5,0.729845961373055
"Toiyabe","Birch","BI05.2",12,31,2410,0,0.857142857,0.476190476190476,70,191,0.731800766283525,191,202.5,0.729845961373055
"Toiyabe","Birch","BI06.1",5,30,2484,0,0.857142857,0.55,70,191,0.731800766283525,197,202.5,0.729845961373055
"Toiyabe","Birch","BI06.2",5,31,2524,0,0.857142857,0.380952380952381,70,191,0.731800766283525,214,202.5,0.729845961373055
"Toiyabe","Birch","BI07.1",3,31,2555,0,0.714285714,0.80952380952381,59,173,0.745689655172414,237,177.5,0.729822784810127
"Toiyabe","Birch","BI07.2",1,31,2586,0,0.714285714,0.238095238095238,59,173,0.745689655172414,185,177.5,0.729822784810127
"Toiyabe","Birch","BI0B1",21,31,1900,1,0.857142857,0.0952380952380952,36,105,0.74468085106383,206,132,0.720588235294118
"Toiyabe","Birch","BI0B2",16,31,1920,1,0.857142857,0.380952380952381,36,105,0.74468085106383,205,132,0.720588235294118
"Toiyabe","Birch","BI0B3",27,31,1929,1,0.857142857,0.0476190476190476,36,105,0.74468085106383,208,132,0.720588235294118
"Toiyabe","Birch","BI0B4",11,26,1960,1,0.857142857,0.6875,36,105,0.74468085106383,227,132,0.720588235294118
"Toquima","Moores East","ME01.1",1,31,2543,0,1,0.476190476190476,43,136,0.759776536312849,198,133,0.730769230769231
"Toquima","Moores East","ME01.2",0,31,2509,0,1,0.238095238095238,43,136,0.759776536312849,205,133,0.730769230769231
"Toquima","Moores East","ME02.2",1,25,2432,0,1,0.2,43,136,0.759776536312849,193,133,0.730769230769231
"Toquima","Moores East","ME04.1",2,31,2228,0,1,0.285714285714286,36,116,0.763157894736842,208,110,0.728476821192053
"Toquima","Moores East","ME04.2",4,31,2196,0,1,0.714285714285714,36,116,0.763157894736842,222,110,0.728476821192053
"Toquima","Moores West","MW02.1",1,31,2222,0,0.714285714,0.333333333333333,32,99,0.755725190839695,224,93,0.732283464566929
"Toquima","Moores West","MW02.2",3,31,2250,0,0.714285714,0.19047619047619,32,99,0.755725190839695,209,93,0.732283464566929
"Toquima","Moores West","MW05.2",0,31,2506,0,1,0.333333333333333,43,136,0.759776536312849,221,133,0.730769230769231
"Toiyabe","San Juan","SJ01.1",11,27,2104,0,1,0.882352941176471,27,70,0.721649484536082,176,64,0.686798590403904
"Toiyabe","San Juan","SJ01.2",3,31,2117,0,1,0.571428571428571,36,94,0.723076923076923,152,89.5,0.707335014712064
"Toiyabe","San Juan","SJ01.3",4,26,2160,0,1,0.75,36,94,0.723076923076923,237,89.5,0.707335014712064
"Toiyabe","San Juan","SJ02.1",2,31,2220,0,1,0.857142857142857,36,94,0.723076923076923,236,89.5,0.707335014712064
"Toiyabe","San Juan","SJ02.2",4,26,2230,0,1,0.4375,36,94,0.723076923076923,192,89.5,0.707335014712064
"Toiyabe","San Juan","SJ02.3",12,31,2289,0,1,0.619047619047619,55,140,0.717948717948718,196,141,0.717560217560218
"Toiyabe","San Juan","SJ03.1",2,21,2338,0,1,0.380952380952381,55,140,0.717948717948718,238,141,0.717560217560218
"Toiyabe","San Juan","SJ03.2",0,21,2384,0,1,0.142857142857143,55,140,0.717948717948718,238,141,0.717560217560218
"Toiyabe","San Juan","SJ04.1",3,21,2401,0,1,0.523809523809524,55,140,0.717948717948718,194,141,0.717560217560218
"Toiyabe","San Juan","SJ04.2",10,21,2446,0,1,0.523809523809524,55,140,0.717948717948718,244,141,0.717560217560218
"Toiyabe","San Juan","SJ05.1",2,21,2504,0,1,0.476190476190476,55,140,0.717948717948718,216,141,0.717560217560218
"Toiyabe","San Juan","SJ05.2",6,21,2553,0,1,0.476190476190476,55,140,0.717948717948718,190,140,0.717171717171717
"Monitor","Allison","AL15",0,31,2325,0,1,0.666666666666667,40,122,0.753086419753086,230,133,0.733333333333333
"Monitor","Allison","AL20",2,31,2227,0,1,0.428571428571429,34,103,0.751824817518248,206,112,0.73469387755102
"Toquima","Antone","AN01.1",2,31,2403,0,1,0.761904761904762,63,174,0.734177215189873,216,176.5,0.717783052039381
"Toquima","Antone","AN01.2",8,31,2425,0,1,0.714285714285714,63,174,0.734177215189873,204,176.5,0.717783052039381
"Toquima","Antone","AN02.1",0,31,2486,0,1,0.19047619047619,63,174,0.734177215189873,202,176.5,0.717783052039381
"Toquima","Antone","AN02.2",16,31,2518,0,1,0.523809523809524,63,174,0.734177215189873,208,176.5,0.717783052039381
"Toquima","Antone","AN03.1",8,31,2604,0,1,0.571428571428571,63,174,0.734177215189873,193,176.5,0.717783052039381
"Toquima","Antone","AN04.1",3,31,2735,0,1,0.333333333333333,79,216,0.732203389830508,158,224,0.710788343416617
"Shoshone","Barrett","BA01.1",3,31,2156,0,1,0.19047619047619,41,105,0.719178082191781,210,112,0.724770642201835
"Shoshone","Barrett","BA01.2",8,31,2180,0,1,0.428571428571429,41,105,0.719178082191781,219,112,0.724770642201835
"Shoshone","Barrett","BA02.1",10,31,2263,0,1,0.523809523809524,41,105,0.719178082191781,219,112,0.724770642201835
"Shoshone","Barrett","BA02.2",0,31,2282,0,1,0.80952380952381,41,105,0.719178082191781,199,112,0.724770642201835
"Shoshone","Barrett","BA03.1",6,31,2364,0,1,0.476190476190476,58,157,0.730232558139535,209,157,0.730232558139535
"Shoshone","Barrett","BA03.2",21,31,2395,0,1,0.761904761904762,58,157,0.730232558139535,205,157,0.730232558139535
"Shoshone","Barrett","BA04.1",3,31,2455,0,1,0.285714285714286,58,157,0.730232558139535,233,157,0.730232558139535
"Shoshone","Barrett","BA04.2",2,31,2468,0,1,0.523809523809524,58,157,0.730232558139535,179,157,0.730232558139535
"Shoshone","Barrett","BA05.1",17,31,2518,0,1,0.380952380952381,58,157,0.730232558139535,196,157,0.730232558139535
"Shoshone","Barrett","BA05.2",25,31,2554,0,1,0.523809523809524,58,157,0.730232558139535,196,157,0.730232558139535
"Shoshone","Barrett","BA06.1",15,31,2640,0,1,0.19047619047619,54,142,0.724489795918367,155,142,0.726591760299625
"Shoshone","Barrett","BA06.2",20,31,2679,0,1,0.19047619047619,54,142,0.724489795918367,153,142,0.726591760299625
"Shoshone","Becker","BE01.1",14,31,2166,0,1,0,28,64,0.695652173913043,163,76,0.695652173913043
"Shoshone","Becker","BE01.2",2,31,2188,0,1,0.619047619047619,28,64,0.695652173913043,197,76,0.695652173913043
"Shoshone","Becker","BE02.1",6,31,2241,0,1,0.523809523809524,55,146,0.72636815920398,187,146,0.738219895287958
"Shoshone","Becker","BE02.2",3,31,2248,0,1,0.476190476190476,55,146,0.72636815920398,228,146,0.738219895287958
"Toiyabe","Birch","BI01.1",7,30,1966,0,0.875,0.15,38,98,0.720588235294118,197,105,0.720588235294118
"Toiyabe","Birch","BI01.2",13,31,1991,0,0.875,0.333333333333333,38,98,0.720588235294118,229,105,0.720588235294118
"Toiyabe","Birch","BI02.1",8,31,2058,0,0.875,0.238095238095238,89,236,0.726153846153846,216,236,0.726153846153846
"Toiyabe","Birch","BI02.2",9,25,2105,0,0.875,0.4,89,236,0.726153846153846,111,236,0.726153846153846
"Toiyabe","Birch","BI03.1",4,30,2122,0,0.875,0.15,89,236,0.726153846153846,252,236,0.726153846153846
"Toiyabe","Birch","BI03.2",10,31,2153,0,0.875,0.0952380952380952,80,214,0.727891156462585,227,214,0.727891156462585
"Toiyabe","Birch","BI03.3",2,31,2158,0,0.875,0.904761904761905,80,214,0.727891156462585,221,202.5,0.729845961373055
"Toiyabe","Birch","BI04.1",2,31,2211,0,0.875,0.238095238095238,80,214,0.727891156462585,234,214,0.727891156462585
"Toiyabe","Birch","BI04.2",2,31,2231,0,0.875,0.333333333333333,80,214,0.727891156462585,239,214,0.727891156462585
"Toiyabe","Birch","BI04.3",6,31,2324,0,0.875,0.761904761904762,80,214,0.727891156462585,208,214,0.727891156462585
"Toiyabe","Birch","BI05.1",9,31,2376,0,0.875,0.285714285714286,80,214,0.727891156462585,243,202.5,0.729845961373055
"Toiyabe","Birch","BI05.2",9,31,2410,0,0.875,0.142857142857143,80,214,0.727891156462585,191,202.5,0.729845961373055
"Toiyabe","Birch","BI06.1",2,31,2484,0,0.875,0.238095238095238,80,214,0.727891156462585,197,202.5,0.729845961373055
"Toiyabe","Birch","BI06.2",6,31,2524,0,0.875,0.285714285714286,80,214,0.727891156462585,214,202.5,0.729845961373055
"Toiyabe","Birch","BI07.1",3,31,2555,0,0.75,0.761904761904762,68,182,0.728,237,177.5,0.729822784810127
"Toiyabe","Birch","BI07.2",2,31,2586,0,0.75,0.238095238095238,68,182,0.728,185,177.5,0.729822784810127
"Toiyabe","Birch","BI0B1",22,31,1900,1,0.875,0.0952380952380952,38,98,0.720588235294118,206,132,0.720588235294118
"Toiyabe","Birch","BI0B2",45,52,1920,1,0.875,0.19047619047619,38,98,0.720588235294118,205,132,0.720588235294118
"Toiyabe","Birch","BI0B3",26,31,1929,1,0.875,0,38,98,0.720588235294118,208,132,0.720588235294118
"Toiyabe","Birch","BI0B4",17,31,1960,1,0.875,0.380952380952381,38,98,0.720588235294118,227,132,0.720588235294118
"Toiyabe","Birch","BISG01",31,31,1923,1,0.875,0.19047619047619,38,98,0.720588235294118,220,164,0.720588235294118
"Toiyabe","Birch","BISG02",31,31,1919,1,0.875,0.0952380952380952,38,98,0.720588235294118,234,164,0.720588235294118
"Toiyabe","Birch","BISG03",28,31,1905,1,0.875,0.0476190476190476,38,98,0.720588235294118,205,164,0.720588235294118
"Toiyabe","Birch","BISG04",14,31,1904,1,0.875,0.142857142857143,38,98,0.720588235294118,188,164,0.720588235294118
"Toiyabe","Birch","BISG05",30,31,1898,1,0.875,0.0476190476190476,38,98,0.720588235294118,215,164,0.720588235294118
"Toiyabe","Birch","BISG06",27,31,1894,1,0.875,0.0476190476190476,38,98,0.720588235294118,206,164,0.720588235294118
"Toiyabe","Birch","BISG07",21,31,1894,1,0.875,0.142857142857143,38,98,0.720588235294118,204,164,0.720588235294118
"Toiyabe","Birch","BISG08",24,31,1886,1,0.875,0.0476190476190476,38,98,0.720588235294118,206,164,0.720588235294118
"Monitor","Barley","BL01",2,31,2249,0,1,0.238095238095238,36,100,0.735294117647059,214,110,0.735294117647059
"Monitor","Barley","BL03",5,31,2225,0,1,0.238095238095238,36,100,0.735294117647059,210,110,0.735294117647059
"Monitor","Barley","BL04",5,28,2241,0,1,0.666666666666667,55,160,0.744186046511628,214,165,0.744186046511628
"Monitor","Barley","BL05",2,26,2245,0,1,0.5625,55,160,0.744186046511628,218,165,0.744186046511628
"Monitor","Barley","BL08",1,31,2275,0,1,0.666666666666667,55,160,0.744186046511628,221,165,0.744186046511628
"Monitor","Barley","BL09",3,31,2283,0,1,0.428571428571429,55,160,0.744186046511628,220,165,0.744186046511628
"Monitor","Barley","BL11",6,30,2318,0,1,0.6,55,160,0.744186046511628,205,165,0.744186046511628
"Monitor","Barley","BL12",10,31,2345,0,1,0.380952380952381,69,214,0.756183745583039,229,216,0.756183745583039
"Monitor","Barley","BL13",1,31,2359,0,1,0.714285714285714,69,214,0.756183745583039,178,216,0.756183745583039
"Monitor","Barley","BL14",1,31,2376,0,1,0.523809523809524,69,214,0.756183745583039,222,216,0.756183745583039
"Monitor","Barley","BL15",1,31,2389,0,1,0.428571428571429,69,214,0.756183745583039,246,216,0.756183745583039
"Monitor","Charnoc North","CBN02",2,31,2457,0,1,0.380952380952381,40,122,0.753086419753086,245,127.5,0.74320987654321
"Monitor","Dobbin East","DE05.3",7,31,2546,0,0.125,0.238095238095238,54,168,0.756756756756757,238,175.5,0.704235090751945
"Monitor","Dobbin East","DE06.1",6,31,2486,0,0.125,0.285714285714286,54,168,0.756756756756757,233,175.5,0.704235090751945
"Monitor","Dobbin West","DW01.2",0,31,2311,0,0.125,0.476190476190476,44,135,0.754189944134078,199,142,0.694080717488789
"Monitor","Elkhorn","EH01",18,31,2275,1,1,0.142857142857143,51,144,0.738461538461539,202,149,0.714912280701754
"Monitor","Elkhorn","EH02",18,31,2318,1,1,0.142857142857143,51,144,0.738461538461539,215,149,0.714912280701754
"Monitor","Elkhorn","EH03",19,31,2334,1,1,0.0952380952380952,51,144,0.738461538461539,180,149,0.714912280701754
"Monitor","Elkhorn","EH04",2,31,2351,1,1,0,51,144,0.738461538461539,240,149,0.714912280701754
"Monitor","Elkhorn","EHSG01",20,31,2307,1,1,0.333333333333333,51,144,0.738461538461539,207,163,0.714912280701754
"Monitor","Elkhorn","EHSG02",17,31,2302,1,1,0.333333333333333,51,144,0.738461538461539,202,163,0.714912280701754
"Monitor","Elkhorn","EHSG03",24,31,2307,1,1,0.0476190476190476,51,144,0.738461538461539,197,163,0.714912280701754
"Monitor","Elkhorn","EHSG04",14,31,2297,1,1,0.142857142857143,51,144,0.738461538461539,199,163,0.714912280701754
"Monitor","Elkhorn","EHSG05",21,31,2319,1,1,0.0476190476190476,51,144,0.738461538461539,205,163,0.714912280701754
"Monitor","Elkhorn","EHSG06",22,31,2304,1,1,0,51,144,0.738461538461539,202,163,0.714912280701754
"Monitor","Elkhorn","EHSG07",16,31,2320,1,1,0.142857142857143,51,144,0.738461538461539,213,163,0.714912280701754
"Monitor","Elkhorn","EHSG08",17,31,2305,1,1,0.0952380952380952,51,144,0.738461538461539,215,163,0.714912280701754
"Monitor","Elkhorn","EHSG09",3,31,2325,1,1,0.0476190476190476,51,144,0.738461538461539,231,163,0.714912280701754
"Monitor","Elkhorn","EHSG10",14,31,2314,1,1,0.0476190476190476,51,144,0.738461538461539,242,163,0.714912280701754
"Toiyabe","Grass Springs","GS01",13,21,2179,1,0.875,0.761904761904762,47,122,0.72189349112426,183,159.5,0.716134268276847
"Toiyabe","Grass Springs","GS02",13,21,2134,1,0.875,0.666666666666667,47,122,0.72189349112426,184,159.5,0.716134268276847
"Toiyabe","Grass Springs","GS03",26,31,2085,1,0.875,0.619047619047619,47,122,0.72189349112426,229,159.5,0.716134268276847
"Toiyabe","Grass Springs","GS04",31,31,2079,1,0.875,0.238095238095238,47,122,0.72189349112426,220,159.5,0.716134268276847
"Toiyabe","Grass Springs","GS05",30,31,2087,1,0.875,0.333333333333333,47,122,0.72189349112426,209,159.5,0.716134268276847
"Toiyabe","Grass Springs","GS06",21,21,2108,1,0.875,0.380952380952381,47,122,0.72189349112426,205,159.5,0.716134268276847
"Toiyabe","Grass Springs","GS07",18,21,2145,1,0.875,0.476190476190476,47,122,0.72189349112426,190,159.5,0.716134268276847
"Toiyabe","Grass Springs","GS08",17,21,2129,1,0.875,0.428571428571429,47,122,0.72189349112426,160,159.5,0.716134268276847
"Toiyabe","Grass Springs","GS09",18,21,2078,1,0.875,0.0952380952380952,47,122,0.72189349112426,207,159.5,0.716134268276847
"Toiyabe","Grass Springs","GS10",29,30,2062,1,0.875,0.15,47,122,0.72189349112426,206,159.5,0.716134268276847
"Toiyabe","Grass Springs","GSSG01",15,31,2089,1,0.875,0.666666666666667,47,122,0.72189349112426,207,182,0.713725490196078
"Toiyabe","Grass Springs","GSSG02",27,31,2091,1,0.875,0.285714285714286,47,122,0.72189349112426,202,182,0.713725490196078
"Toiyabe","Grass Springs","GSSG03",11,31,2090,1,0.875,0.952380952380952,47,122,0.72189349112426,199,182,0.713725490196078
"Toiyabe","Grass Springs","GSSG04",27,31,2095,1,0.875,0.238095238095238,47,122,0.72189349112426,204,182,0.713725490196078
"Toiyabe","Grass Springs","GSSG05",23,31,2097,1,0.875,0.523809523809524,47,122,0.72189349112426,201,182,0.713725490196078
"Toiyabe","Grass Springs","GSSG06",31,31,2099,1,0.875,0.19047619047619,47,122,0.72189349112426,203,182,0.713725490196078
"Toiyabe","Grass Springs","GSSG07",26,31,2099,1,0.875,0.619047619047619,47,122,0.72189349112426,201,182,0.713725490196078
"Toiyabe","Grass Springs","GSSG08",31,31,2104,1,0.875,0.238095238095238,47,122,0.72189349112426,200,182,0.713725490196078
"Toiyabe","Grass Springs","GSSG09",31,31,2112,1,0.875,0.285714285714286,47,122,0.72189349112426,187,182,0.713725490196078
"Toiyabe","Grass Springs","GSSG10",30,31,2109,1,0.875,0.476190476190476,47,122,0.72189349112426,204,182,0.713725490196078
"Toiyabe","Grass Springs","GSSG11",31,31,2117,1,0.875,0.428571428571429,47,122,0.72189349112426,186,182,0.713725490196078
"Toiyabe","Grass Springs","GSSG12",30,31,2110,1,0.875,0.571428571428571,47,122,0.72189349112426,196,182,0.713725490196078
"Toiyabe","Jett","JE01.1",3,31,1972,0,0,0.0952380952380952,18,63,0.777777777777778,213,73,0.745762711864407
"Toiyabe","Jett","JE01.2",9,31,1978,0,0,0.142857142857143,18,63,0.777777777777778,201,73,0.745762711864407
"Toiyabe","Jett","JE01.3",1,30,2016,0,0,0.05,18,63,0.777777777777778,200,73,0.745762711864407
"Toiyabe","Jett","JE02.1",0,31,2051,0,0,0.0476190476190476,58,155,0.727699530516432,208,166,0.718274111675127
"Toiyabe","Jett","JE02.2",1,31,2085,0,0,0.19047619047619,58,155,0.727699530516432,219,166,0.718274111675127
"Toiyabe","Jett","JE02.3",0,31,2115,0,0,0.238095238095238,58,155,0.727699530516432,220,166,0.718274111675127
"Toiyabe","Jett","JE03.1",2,31,2143,0,0,0.142857142857143,58,155,0.727699530516432,222,166,0.718274111675127
"Toiyabe","Jett","JE03.2",3,30,2156,0,0,0.3,58,155,0.727699530516432,196,166,0.718274111675127
"Toiyabe","Jett","JE03.3",2,31,2190,0,0,0.238095238095238,58,155,0.727699530516432,126,165,0.692028459416292
"Toquima","Meadow","MD01.2",2,31,2273,0,1,0.761904761904762,52,144,0.73469387755102,204,147,0.716294048430049
"Toquima","Moores East","ME01.1",1,31,2543,0,1,0.476190476190476,49,133,0.730769230769231,198,133,0.730769230769231
"Toquima","Moores East","ME01.2",1,31,2509,0,1,0.0476190476190476,49,133,0.730769230769231,205,133,0.730769230769231
"Toquima","Moores East","ME02.2",0,31,2432,0,1,0.0952380952380952,49,133,0.730769230769231,193,133,0.730769230769231
"Toquima","Moores East","ME04.1",1,31,2228,0,1,0.333333333333333,41,110,0.728476821192053,208,110,0.728476821192053
"Toquima","Moores East","ME04.2",1,31,2196,0,1,0.142857142857143,41,110,0.728476821192053,222,110,0.728476821192053
"Toquima","Moores West","MW02.1",0,31,2222,0,0.625,0.238095238095238,34,93,0.732283464566929,224,93,0.732283464566929
"Toquima","Moores West","MW02.2",0,31,2250,0,0.625,0.238095238095238,34,93,0.732283464566929,209,93,0.732283464566929
"Toquima","Moores West","MW05.2",1,31,2506,0,1,0.285714285714286,49,133,0.730769230769231,221,133,0.730769230769231
"Toquima","Northumberland East","NE01.2",0,31,2291,0,1,0,56,153,0.732057416267943,211,153,0.732057416267943
"Toquima","Northumberland East","NE02.1",0,31,2358,0,1,0,54,147,0.73134328358209,235,147,0.73134328358209
"Toquima","Northumberland East","NE02.2",1,31,2393,0,1,0.238095238095238,54,147,0.73134328358209,243,147,0.73134328358209
"Toquima","Northumberland East","NE03.1",3,31,2474,0,1,0.476190476190476,70,201,0.74169741697417,212,201,0.74169741697417
"Toquima","Northumberland West","NW01.1",3,31,2126,0,1,0.238095238095238,35,93,0.7265625,188,93,0.7265625
"Toquima","Northumberland West","NW01.2",5,31,2183,0,1,0.238095238095238,51,140,0.732984293193717,210,140,0.732984293193717
"Toquima","Northumberland West","NW02.1",1,31,2217,0,1,0.238095238095238,51,140,0.732984293193717,209,140,0.732984293193717
"Toquima","Northumberland West","NW04.1",0,31,2446,0,1,0.333333333333333,61,172,0.738197424892704,242,172,0.738197424892704
"Toquima","Northumberland West","NW04.2",1,24,2519,0,1,0,61,172,0.738197424892704,241,172,0.738197424892704
"Toquima","Northumberland West","NW06.1",0,31,2611,0,1,0.428571428571429,70,201,0.74169741697417,176,201,0.74169741697417
"Toquima","Northumberland West","NW06.2",1,31,2687,0,1,0.523809523809524,70,201,0.74169741697417,235,201,0.74169741697417
"Toiyabe","Ophir","OP01.1",0,31,1969,0,0,0.285714285714286,31,82,0.725663716814159,208,92,0.710227272727273
"Toiyabe","Ophir","OP01.2",0,31,2033,0,0,0.142857142857143,31,82,0.725663716814159,161,92,0.710227272727273
"Toiyabe","Ophir","OP02.1",1,31,2093,0,0,0.0952380952380952,31,82,0.725663716814159,186,92,0.710227272727273
"Toiyabe","Ophir","OP02.2",0,31,2167,0,0,0.0952380952380952,31,82,0.725663716814159,157,92,0.710227272727273
"Toiyabe","Ophir","OP03.1",3,31,2248,0,0,0.0476190476190476,31,82,0.725663716814159,212,92,0.710227272727273
"Toiyabe","Ophir","OP03.2",0,31,2278,0,0,0.380952380952381,31,82,0.725663716814159,193,92,0.710227272727273
"Toiyabe","Ophir","OP04.1",7,31,2368,0,0,0.142857142857143,71,200,0.738007380073801,192,203,0.738007380073801
"Toiyabe","Ophir","OP05.1",3,31,2415,0,0,0.333333333333333,71,200,0.738007380073801,217,203,0.738007380073801
"Toiyabe","Ophir","OP06.1",1,31,2558,0,0,0.476190476190476,71,200,0.738007380073801,192,201.5,0.727978049011259
"Toiyabe","Ophir","OP06.2",8,31,2626,0,0,0.428571428571429,71,200,0.738007380073801,191,203,0.738007380073801
"Shoshone","Riley","RI01.1",24,31,2065,0,1,0.0952380952380952,35,83,0.703389830508475,217,94,0.709124634129739
"Shoshone","Riley","RI01.2",7,31,2115,0,1,0.380952380952381,35,83,0.703389830508475,182,94,0.709124634129739
"Shoshone","Riley","RI02.1",1,31,2147,0,1,0.80952380952381,35,83,0.703389830508475,200,94,0.709124634129739
"Shoshone","Riley","RI02.2",0,31,2182,0,1,0.523809523809524,35,83,0.703389830508475,203,94,0.709124634129739
"Shoshone","Riley","RI03.1",1,31,2259,0,1,0.761904761904762,35,83,0.703389830508475,221,94,0.709124634129739
"Shoshone","Riley","RI04.1",1,31,2368,0,1,0.571428571428571,48,121,0.715976331360947,208,125,0.721988165680473
"Shoshone","Riley","RI04.2",0,31,2412,0,1,0.857142857142857,48,121,0.715976331360947,224,125,0.721988165680473
"Shoshone","Riley","RI05.1",0,31,2483,0,1,0.428571428571429,71,198,0.736059479553903,210,198,0.733132379073139
"Shoshone","Riley","RI05.2",0,31,2545,0,1,0.380952380952381,48,121,0.715976331360947,204,125,0.721988165680473
"Monitor","Ryegrass","RY05",0,31,2337,0,1,0.380952380952381,42,126,0.75,197,135,0.730088495575221
"Toiyabe","San Juan","SJ01.1",5,31,2104,0,1,0.523809523809524,27,58,0.682352941176471,176,64,0.686798590403904
"Toiyabe","San Juan","SJ01.2",0,31,2117,0,1,0.476190476190476,37,85,0.69672131147541,152,89.5,0.707335014712064
"Toiyabe","San Juan","SJ01.3",1,31,2160,0,1,0.666666666666667,37,85,0.69672131147541,237,89.5,0.707335014712064
"Toiyabe","San Juan","SJ02.1",6,31,2220,0,1,0.523809523809524,37,85,0.69672131147541,236,89.5,0.707335014712064
"Toiyabe","San Juan","SJ02.2",3,31,2230,0,1,0.428571428571429,37,85,0.69672131147541,192,89.5,0.707335014712064
"Toiyabe","San Juan","SJ02.3",5,31,2289,0,1,0.476190476190476,56,142,0.717171717171717,196,141,0.717560217560218
"Toiyabe","San Juan","SJ03.1",0,31,2338,0,1,0.476190476190476,56,142,0.717171717171717,238,141,0.717560217560218
"Toiyabe","San Juan","SJ03.2",1,31,2384,0,1,0.0952380952380952,56,142,0.717171717171717,238,141,0.717560217560218
"Toiyabe","San Juan","SJ04.1",6,31,2401,0,1,0.380952380952381,56,142,0.717171717171717,194,141,0.717560217560218
"Toiyabe","San Juan","SJ04.2",11,31,2446,0,1,0.380952380952381,56,142,0.717171717171717,244,141,0.717560217560218
"Toiyabe","San Juan","SJ05.1",0,31,2504,0,1,0.380952380952381,56,142,0.717171717171717,216,141,0.717560217560218
"Toiyabe","San Juan","SJ05.2",1,31,2553,0,1,0.380952380952381,56,142,0.717171717171717,190,140,0.717171717171717
"Toiyabe","Summit","SU01.1",1,31,1989,0,0,0.142857142857143,31,82,0.725663716814159,176,92,0.706808551617874
"Toiyabe","Summit","SU01.2",0,31,2072,0,0,0.380952380952381,31,82,0.725663716814159,149,92,0.706808551617874
"Toiyabe","Summit","SU02.1",1,31,2125,0,0,0.238095238095238,31,82,0.725663716814159,193,92,0.706808551617874
"Toiyabe","Summit","SU02.2",0,31,2146,0,0,0.142857142857143,31,82,0.725663716814159,190,92,0.706808551617874
"Toiyabe","Summit","SU03.1",5,31,2280,0,0,0.19047619047619,31,82,0.725663716814159,214,92,0.706808551617874
"Toiyabe","Summit","SU03.2",0,31,2311,0,0,0.238095238095238,31,82,0.725663716814159,211,92,0.706808551617874
"Toiyabe","Summit","SU04.1",0,31,2350,0,0,0.380952380952381,31,82,0.725663716814159,156,92,0.706808551617874
"Toiyabe","Summit","SU05.1",6,31,2468,0,0,0.476190476190476,70,196,0.736842105263158,247,198,0.730739893211289
"Toiyabe","Summit","SU05.2",7,31,2523,0,0,0.333333333333333,70,196,0.736842105263158,223,198,0.730739893211289
"Toiyabe","Summit","SU06.1",1,29,2575,0,0,0.380952380952381,70,196,0.736842105263158,151,198,0.730739893211289
"Toiyabe","Summit","SU06.2",2,31,2587,0,0,0.285714285714286,70,196,0.736842105263158,127,198,0.730739893211289
"Toiyabe","Stewart","SW00.1",0,31,2605,0,0,0.619047619047619,59,156,0.725581395348837,148,160.5,0.714001770338778
"Toiyabe","Stewart","SW03.2",4,31,2897,0,0,0.80952380952381,89,237,0.726993865030675,199,238.5,0.706870426491241
"Toiyabe","Stewart","SW05.2",1,31,3067,0,0,0.571428571428571,89,237,0.726993865030675,250,238.5,0.706870426491241
"Toiyabe","Stewart","SW06.1",9,31,3162,0,0,0.523809523809524,88,234,0.726708074534162,242,235,0.703159862509799
"Shoshone","Underdown","UN01.1",0,31,2027,0,1,0,27,55,0.670731707317073,219,70,0.679268292682927
"Shoshone","Underdown","UN02.1",1,31,2114,0,1,0.619047619047619,27,55,0.670731707317073,195,70,0.679268292682927
"Shoshone","Underdown","UN02.2",11,31,2147,1,1,0.380952380952381,48,121,0.715976331360947,220,152,0.721988165680473
"Shoshone","Underdown","UN03.1",22,31,2207,1,1,0.571428571428571,48,121,0.715976331360947,213,152,0.721988165680473
"Shoshone","Underdown","UN03.2",13,31,2246,1,1,0.761904761904762,48,121,0.715976331360947,210,152,0.721988165680473
"Shoshone","Underdown","UN04.1",13,31,2296,0,1,0.714285714285714,48,121,0.715976331360947,208,125,0.721988165680473
"Shoshone","Underdown","UN04.2",1,31,2365,0,1,0.714285714285714,71,198,0.736059479553903,209,198,0.733132379073139
"Shoshone","Underdown","UN07.1",0,31,2634,0,1,0.904761904761905,71,198,0.736059479553903,190,198,0.733132379073139
"Shoshone","Underdown","UN07.2",3,31,2657,0,1,0.714285714285714,71,198,0.736059479553903,219,198,0.733132379073139
"Shoshone","Underdown","UN0B1",11,31,2083,1,1,0.380952380952381,27,55,0.670731707317073,183,104,0.68780487804878
"Shoshone","Underdown","UN0B2",18,31,2129,1,1,0.571428571428571,48,121,0.715976331360947,191,175,0.728
"Shoshone","Underdown","UN0B3",23,31,2135,1,1,0.428571428571429,48,121,0.715976331360947,188,175,0.728
"Shoshone","Underdown","UN0B4",27,31,2137,1,1,0.380952380952381,48,121,0.715976331360947,206,175,0.728
"Shoshone","Underdown","UN0B5",21,31,2231,1,1,0.571428571428571,48,121,0.715976331360947,198,175,0.728
"Shoshone","Underdown","UN0B6",15,31,2245,1,1,0.80952380952381,48,121,0.715976331360947,193,175,0.728
"Shoshone","Underdown","UN0B7",24,31,2259,1,1,0.714285714285714,48,121,0.715976331360947,203,175,0.728
"Toiyabe","Wall","WA01.1",6,31,1938,0,1,0.0476190476190476,16,55,0.774647887323944,174,66.5,0.714699792960662
"Toiyabe","Wall","WA01.2",0,31,1984,0,1,0.333333333333333,34,93,0.732283464566929,204,103,0.692444444444444
"Toiyabe","Wall","WA02.1",1,31,2037,0,1,0.142857142857143,34,93,0.732283464566929,207,103,0.692444444444444
"Toiyabe","Wall","WA03.1",13,31,2151,1,1,0.238095238095238,35,100,0.740740740740741,202,109,0.695488721804511
"Toiyabe","Wall","WA03.2",22,31,2201,1,1,0.380952380952381,35,100,0.740740740740741,231,119.5,0.68984962406015
"Toiyabe","Wall","WA04.1",21,31,2260,0,1,0.238095238095238,52,137,0.724867724867725,222,148,0.669260700389105
"Toiyabe","Wall","WA04.2",19,31,2303,1,1,0.333333333333333,52,137,0.724867724867725,199,148,0.694623655913978
"Toiyabe","Wall","WA05.1",26,31,2356,1,1,0,52,137,0.724867724867725,193,160,0.681942178151542
"Toiyabe","Wall","WA05.2",24,31,2414,1,1,0.0952380952380952,52,137,0.724867724867725,223,148,0.694623655913978
"Toiyabe","Wall","WA06.1",11,31,2405,1,1,0.142857142857143,52,137,0.724867724867725,237,160,0.681942178151542
"Toiyabe","Wall","WA0B1",27,31,2174,1,1,0.19047619047619,35,100,0.740740740740741,214,133,0.695488721804511
"Toiyabe","Wall","WA0B2",31,31,2212,1,1,0.380952380952381,52,137,0.724867724867725,172,183,0.694623655913978
"Toiyabe","Wall","WA0B3",24,31,2227,1,1,0,52,137,0.724867724867725,228,183,0.694623655913978
"Toiyabe","Wall","WA0B4",21,31,2263,1,1,0.523809523809524,52,137,0.724867724867725,236,183,0.694623655913978
"Toiyabe","Wall","WA0B5",27,31,2267,1,1,0.285714285714286,52,137,0.724867724867725,216,183,0.694623655913978
"Toiyabe","Wall","WA0B6",28,31,2321,1,1,0.238095238095238,52,137,0.724867724867725,190,183,0.694623655913978
"Toiyabe","Wall","WA0B7",26,31,2372,1,1,0.238095238095238,52,137,0.724867724867725,197,183,0.694623655913978
"Toiyabe","Wall","WASG01",28,31,2191,1,1,0.142857142857143,35,100,0.740740740740741,202,130,0.706395348837209
"Toiyabe","Wall","WASG02",24,31,2203,1,1,0.19047619047619,35,100,0.740740740740741,221,130,0.706395348837209
"Toiyabe","Wall","WASG03",26,31,2192,1,1,0.0476190476190476,35,100,0.740740740740741,203,130,0.706395348837209
"Toiyabe","Wall","WASG04",30,31,2198,1,1,0.0952380952380952,35,100,0.740740740740741,159,130,0.706395348837209
"Toiyabe","Wall","WASG05",26,31,2207,1,1,0.0952380952380952,35,100,0.740740740740741,202,130,0.706395348837209
"Toiyabe","Wall","WASG06",31,31,2206,1,1,0.0476190476190476,35,100,0.740740740740741,212,130,0.706395348837209
"Toiyabe","Wall","WASG07",27,31,2208,1,1,0.142857142857143,35,100,0.740740740740741,171,130,0.706395348837209
"Toiyabe","Wall","WASG08",27,31,2214,1,1,0.142857142857143,35,100,0.740740740740741,169,130,0.706395348837209
"Toiyabe","Wall","WASG09",21,31,2243,1,1,0.0476190476190476,52,137,0.724867724867725,211,172,0.694623655913978
"Toiyabe","Wall","WASG10",28,31,2265,1,1,0.285714285714286,52,137,0.724867724867725,192,172,0.694623655913978
"Toiyabe","Wall","WASG11",29,31,2254,1,1,0.380952380952381,52,137,0.724867724867725,212,172,0.694623655913978
"Toiyabe","Wall","WASG12",31,31,2268,1,1,0.19047619047619,52,137,0.724867724867725,175,172,0.694623655913978
"Monitor","Wallace","WL01",4,31,2134,0,0.875,0.619047619047619,30,86,0.741379310344828,212,94,0.728813559322034
"Monitor","Wallace","WL02",2,17,2155,0,0.875,0.333333333333333,30,86,0.741379310344828,235,94,0.728813559322034
"Monitor","Wallace","WL04",10,31,2204,0,1,0.428571428571429,39,117,0.75,220,128,0.737556561085973
"Monitor","Wallace","WL05",1,31,2313,0,1,0.428571428571429,39,117,0.75,174,128,0.737556561085973
"Monitor","Wallace","WL06",4,31,2327,0,1,0.238095238095238,39,117,0.75,226,128,0.737556561085973
"Monitor","Wallace","WL07",9,31,2347,0,1,0.428571428571429,39,117,0.75,226,128,0.737556561085973
"Monitor","Wallace","WL08",7,31,2364,0,1,0.619047619047619,39,117,0.75,190,145.5,0.743778280542986
"Monitor","Wallace","WL09",9,31,2423,0,1,0.523809523809524,43,136,0.759776536312849,218,146,0.735537190082645
"Toiyabe","Washington","WS01.1",16,31,2133,0,1,0.523809523809524,27,58,0.682352941176471,219,64,0.686798590403904
"Toiyabe","Washington","WS01.2",7,31,2188,0,1,0.428571428571429,48,112,0.7,223,114,0.708024691358025
"Toiyabe","Washington","WS01.3",5,31,2212,0,1,0.238095238095238,48,112,0.7,240,114,0.708024691358025
"Toiyabe","Washington","WS02.1",7,31,2252,0,1,0.428571428571429,48,112,0.7,237,114,0.708024691358025
"Toiyabe","Washington","WS02.2",14,31,2269,0,1,0.428571428571429,48,112,0.7,242,114,0.708024691358025
"Toiyabe","Washington","WS02.3",5,31,2295,0,1,0.238095238095238,48,112,0.7,232,114,0.708024691358025
"Toiyabe","Washington","WS03.1",9,31,2332,0,1,0.238095238095238,48,112,0.7,206,114,0.708024691358025
"Toiyabe","Washington","WS03.2",11,31,2352,0,1,0.571428571428571,48,112,0.7,228,114,0.708024691358025
"Toiyabe","Washington","WS03.3",1,31,2395,0,1,0.380952380952381,81,218,0.729096989966555,225,218,0.729096989966555
"Toiyabe","Washington","WS04.1",4,31,2443,0,1,0.619047619047619,81,218,0.729096989966555,208,218,0.729096989966555
"Toiyabe","Washington","WS04.2",3,31,2485,0,1,0.80952380952381,81,218,0.729096989966555,231,218,0.729096989966555
"Toiyabe","Washington","WS04.3",5,31,2503,0,1,0.571428571428571,81,218,0.729096989966555,238,218,0.729096989966555
"Toiyabe","Washington","WS05.1",0,31,2539,0,1,0.428571428571429,81,218,0.729096989966555,223,218,0.729096989966555
"Toiyabe","Washington","WS05.2",0,31,2570,0,1,0.714285714285714,81,218,0.729096989966555,222,218,0.729096989966555
"Toiyabe","Washington","WS05.3",5,31,2585,0,1,0.619047619047619,81,218,0.729096989966555,219,218,0.729096989966555
"Toiyabe","Birch","BI0B1",24,31,1900,1,0.8,0.285714285714286,96,69,0.418181818181818,206,132,0.720588235294118
"Toiyabe","Birch","BI0B2",19,31,1920,1,0.8,0.428571428571429,96,69,0.418181818181818,205,132,0.720588235294118
"Toiyabe","Birch","BI0B3",31,31,1929,1,0.8,0.428571428571429,96,69,0.418181818181818,208,132,0.720588235294118
"Toiyabe","Birch","BI0B4",21,31,1960,1,0.8,0.285714285714286,96,69,0.418181818181818,227,132,0.720588235294118
"Monitor","Elkhorn","EH01",31,31,2275,1,1,0.19047619047619,108,101,0.483253588516746,202,149,0.714912280701754
"Monitor","Elkhorn","EH02",30,31,2318,1,1,0.0952380952380952,108,101,0.483253588516746,215,149,0.714912280701754
"Monitor","Elkhorn","EH03",30,31,2334,1,1,0.0952380952380952,108,101,0.483253588516746,180,149,0.714912280701754
"Monitor","Elkhorn","EH04",26,31,2351,1,1,0.19047619047619,108,101,0.483253588516746,240,149,0.714912280701754
"Toiyabe","Grass Springs","GS01",30,31,2179,1,0.9,0.238095238095238,105,87,0.453125,183,159.5,0.716134268276847
"Toiyabe","Grass Springs","GS03",30,31,2085,1,0.9,0.380952380952381,105,87,0.453125,229,159.5,0.716134268276847
"Toiyabe","Grass Springs","GS04",30,31,2079,1,0.9,0.333333333333333,105,87,0.453125,220,159.5,0.716134268276847
"Toiyabe","Grass Springs","GS05",29,31,2087,1,0.9,0.428571428571429,105,87,0.453125,209,159.5,0.716134268276847
"Toiyabe","Grass Springs","GS09",30,31,2078,1,0.9,0.0476190476190476,105,87,0.453125,207,159.5,0.716134268276847
"Toiyabe","Grass Springs","GS10",30,31,2062,1,0.9,0.19047619047619,105,87,0.453125,206,159.5,0.716134268276847
"Shoshone","Underdown","UN01.1",0,31,2027,0,1,0,99,48,0.326530612244898,219,70,0.679268292682927
"Shoshone","Underdown","UN02.1",2,31,2114,0,1,0.380952380952381,99,48,0.326530612244898,195,70,0.679268292682927
"Shoshone","Underdown","UN02.2",13,31,2147,1,1,0.523809523809524,127,98,0.435555555555556,220,152,0.721988165680473
"Shoshone","Underdown","UN03.1",24,31,2207,1,1,0.523809523809524,127,98,0.435555555555556,213,152,0.721988165680473
"Shoshone","Underdown","UN03.2",17,31,2246,1,1,0.857142857142857,127,98,0.435555555555556,210,152,0.721988165680473
"Shoshone","Underdown","UN04.1",12,31,2296,0,1,0.666666666666667,127,98,0.435555555555556,208,125,0.721988165680473
"Shoshone","Underdown","UN04.2",1,31,2365,0,1,0.714285714285714,157,159,0.503164556962025,209,198,0.733132379073139
"Shoshone","Underdown","UN07.1",1,31,2634,0,1,0.666666666666667,157,159,0.503164556962025,190,198,0.733132379073139
"Shoshone","Underdown","UN07.2",0,31,2657,0,1,0.619047619047619,157,159,0.503164556962025,219,198,0.733132379073139
"Shoshone","Underdown","UN0B1",10,31,2083,1,1,0.333333333333333,99,48,0.326530612244898,183,104,0.68780487804878
"Shoshone","Underdown","UN0B2",12,31,2129,1,1,0.619047619047619,127,98,0.435555555555556,191,175,0.728
"Shoshone","Underdown","UN0B3",28,31,2135,1,1,0.904761904761905,127,98,0.435555555555556,188,175,0.728
"Shoshone","Underdown","UN0B4",23,31,2137,1,1,0.428571428571429,127,98,0.435555555555556,206,175,0.728
"Shoshone","Underdown","UN0B5",23,31,2231,1,1,0.428571428571429,127,98,0.435555555555556,198,175,0.728
"Shoshone","Underdown","UN0B6",27,31,2245,1,1,0.380952380952381,127,98,0.435555555555556,193,175,0.728
"Shoshone","Underdown","UN0B7",21,31,2259,1,1,0.238095238095238,127,98,0.435555555555556,203,175,0.728
"Toiyabe","Wall","WA03.1",13,31,2151,1,1,0.142857142857143,106,71,0.401129943502825,202,109,0.695488721804511
"Toiyabe","Wall","WA03.2",17,31,2201,1,1,0.333333333333333,106,71,0.401129943502825,231,119.5,0.68984962406015
"Toiyabe","Wall","WA04.1",20,31,2260,0,1,0.380952380952381,129,104,0.446351931330472,222,148,0.669260700389105
"Toiyabe","Wall","WA04.2",19,31,2303,1,1,0.285714285714286,129,104,0.446351931330472,199,148,0.694623655913978
"Toiyabe","Wall","WA05.1",24,31,2356,1,1,0.428571428571429,129,104,0.446351931330472,193,160,0.681942178151542
"Toiyabe","Wall","WA05.2",21,31,2414,1,1,0.476190476190476,129,104,0.446351931330472,223,148,0.694623655913978
"Toiyabe","Wall","WA06.1",14,31,2405,1,1,0.285714285714286,129,104,0.446351931330472,237,160,0.681942178151542
"Toiyabe","Wall","WA0B1",26,31,2174,1,1,0.285714285714286,106,71,0.401129943502825,214,133,0.695488721804511
"Toiyabe","Wall","WA0B2",29,31,2212,1,1,0.0476190476190476,129,104,0.446351931330472,172,183,0.694623655913978
"Toiyabe","Wall","WA0B3",10,31,2227,1,1,0.0476190476190476,129,104,0.446351931330472,228,183,0.694623655913978
"Toiyabe","Wall","WA0B4",3,31,2263,1,1,0.285714285714286,129,104,0.446351931330472,236,183,0.694623655913978
"Toiyabe","Wall","WA0B5",22,31,2267,1,1,0.523809523809524,129,104,0.446351931330472,216,183,0.694623655913978
"Toiyabe","Wall","WA0B6",25,31,2321,1,1,0.0952380952380952,129,104,0.446351931330472,190,183,0.694623655913978
"Toiyabe","Wall","WA0B7",27,31,2372,1,1,0.428571428571429,129,104,0.446351931330472,197,183,0.694623655913978
